time_s,throttle_us,requested_rpm,actual_rpm,motor_thrust_N,total_upward_thrust_N,weight_N,thrust_weight,z_cm,v_cm_s,accel_m_s2,stop
0.004,1000,658.4126984126983,21.585335746133257,0.00007093693995856442,0.0002837477598342577,10.987200000000001,0.000025825302154712543,0,0,0,BOTTOM
0.024,1000,658.4126984126983,119.34997400516367,0.0021687000587593875,0.00867480023503755,10.987200000000001,0.000789536937075647,0,0,0,BOTTOM
0.04400000000000001,1000,658.4126984126983,202.1059536319747,0.006218892476517493,0.024875569906069973,10.987200000000001,0.0022640499768885585,0,0,0,BOTTOM
0.06400000000000003,1000,658.4126984126983,272.15737801149015,0.011277038373245406,0.045108153492981626,10.987200000000001,0.004105518557319574,0,0,0,BOTTOM
0.08400000000000005,1000,658.4126984126983,331.4546285513068,0.016726420466005986,0.06690568186402394,10.987200000000001,0.006089420586138774,0,0,0,BOTTOM
0.10400000000000006,1000,658.4126984126983,381.6486674695218,0.022175955144551944,0.08870382057820778,10.987200000000001,0.008073378165338554,0,0,0,BOTTOM
0.12400000000000008,1000,658.4126984126983,424.1370041122389,0.027388431568586287,0.10955372627434515,10.987200000000001,0.009971032317091264,0,0,0,BOTTOM
0.1440000000000001,1000,658.4126984126983,460.1026046012992,0.0322302903026975,0.12892116121079,10.987200000000001,0.011733759393729976,0,0,0,BOTTOM
0.16400000000000012,1000,658.4126984126983,490.54682814000574,0.036636651855784415,0.14654660742313766,10.987200000000001,0.013337939367913358,0,0,0,BOTTOM
0.18400000000000014,1000,658.4126984126983,516.3173069940054,0.04058711662999257,0.16234846651997029,10.987200000000001,0.014776145562105929,0,0,0,BOTTOM
0.20400000000000015,1000,658.4126984126983,538.1315463855963,0.04408915118849668,0.1763566047539867,10.987200000000001,0.01605109625327533,0,0,0,BOTTOM
0.22400000000000017,1000,658.4126984126983,556.5969013729668,0.047166798848413426,0.1886671953936537,10.987200000000001,0.017171544651381033,0,0,0,BOTTOM
0.2440000000000002,1000,658.4126984126983,572.2274869133937,0.04985311092832388,0.19941244371329553,10.987200000000001,0.018149523419369405,0,0,0,BOTTOM
0.2640000000000002,1000,658.4126984126983,585.4584919227045,0.052185164061017066,0.20874065624406826,10.987200000000001,0.018998530676065627,0,0,0,BOTTOM
0.2840000000000002,1000,658.4126984126983,596.6582958650224,0.05420086286879002,0.21680345147516009,10.987200000000001,0.019732365978152765,0,0,0,BOTTOM
0.3040000000000002,1000,658.4126984126983,606.1387252245522,0.05593696465585187,0.2237478586234075,10.987200000000001,0.02036441118969414,0,0,0,BOTTOM
0.32400000000000023,1000,658.4126984126983,614.1637354215108,0.057427931252262115,0.22971172500904846,10.987200000000001,0.020907212484440843,0,0,0,BOTTOM
0.34400000000000025,1000,658.4126984126983,620.956759895297,0.05870533251565841,0.23482133006263364,10.987200000000001,0.02137226318467249,0,0,0,BOTTOM
0.36400000000000027,1000,658.4126984126983,626.7069309690917,0.05979761038853532,0.2391904415541413,10.987200000000001,0.021769917863890823,0,0,0,BOTTOM
0.3840000000000003,1000,658.4126984126983,631.5743456980535,0.06073007191118573,0.2429202876447429,10.987200000000001,0.022109389803111154,0,0,0,BOTTOM
0.4040000000000003,1000,658.4126984126983,635.6945233135831,0.061525021407331765,0.24610008562932706,10.987200000000001,0.022398799114362808,0,0,0,BOTTOM
0.4240000000000003,1000,658.4126984126983,639.1821783684322,0.06220197132985408,0.24880788531941633,10.987200000000001,0.02264524950118468,0,0,0,BOTTOM
0.44400000000000034,1000,658.4126984126983,642.1344146350843,0.06277789164077742,0.2511115665631097,10.987200000000001,0.022854919047902073,0,0,0,BOTTOM
0.46400000000000036,1000,658.4126984126983,644.6334286823651,0.06326747171103944,0.25306988684415777,10.987200000000001,0.02303315556685577,0,0,0,BOTTOM
0.4840000000000004,1000,658.4126984126983,646.7487984036327,0.06368337841663625,0.254733513666545,10.987200000000001,0.023184570560884025,0,0,0,BOTTOM
0.5040000000000003,1000,658.4126984126983,648.5394202140727,0.06403650069602301,0.25614600278409205,10.987200000000001,0.02331312825688911,0,0,0,BOTTOM
0.5240000000000004,1000,658.4126984126983,650.055148852801,0.06433617525329287,0.2573447010131715,10.987200000000001,0.023422227775335976,0,0,0,BOTTOM
0.5440000000000004,1000,658.4126984126983,651.3381854453776,0.06459039100362697,0.2583615640145079,10.987200000000001,0.02351477756066221,0,0,0,BOTTOM
0.5640000000000004,1000,658.4126984126983,652.4242524733595,0.06480597172829955,0.2592238869131982,10.987200000000001,0.023593261878658636,0,0,0,BOTTOM
0.5840000000000004,1000,658.4126984126983,653.3435883645526,0.06498873756439821,0.25995495025759285,10.987200000000001,0.023659799608416413,0,0,0,BOTTOM
0.6040000000000004,1000,658.4126984126983,654.1217893954837,0.06514364662950095,0.2605745865180038,10.987200000000001,0.023716195802206547,0,0,0,BOTTOM
0.6240000000000004,1000,658.4126984126983,654.7805223464576,0.06527491843442629,0.26109967373770515,10.987200000000001,0.023763986615125337,0,0,0,BOTTOM
0.6440000000000005,1000,658.4126984126983,655.3381277510405,0.0653861408792613,0.2615445635170452,10.987200000000001,0.02380447825806804,0,0,0,BOTTOM
0.6640000000000005,1000,658.4126984126983,655.8101305357198,0.0654803626359316,0.2619214505437264,10.987200000000001,0.02383878063052701,0,0,0,BOTTOM
0.6840000000000005,1000,658.4126984126983,656.2096722670486,0.06556017264699103,0.2622406905879641,10.987200000000001,0.023867836262920862,0,0,0,BOTTOM
0.7040000000000005,1000,658.4126984126983,656.5478770409496,0.06562776835040496,0.26251107340161983,10.987200000000001,0.023892445154508866,0,0,0,BOTTOM
0.7240000000000005,1000,658.4126984126983,656.8341612013278,0.06568501409732277,0.2627400563892911,10.987200000000001,0.02391328604096504,0,0,0,BOTTOM
0.7440000000000005,1000,658.4126984126983,657.0764955112131,0.06573349107939476,0.26293396431757904,10.987200000000001,0.023930934570916978,0,0,0,BOTTOM
0.7640000000000006,1000,658.4126984126983,657.2816270758454,0.06577453993364953,0.2630981597345981,10.987200000000001,0.023945878816677413,0,0,0,BOTTOM
0.7840000000000006,1000,658.4126984126983,657.4552671965047,0.06580929705202354,0.26323718820809416,10.987200000000001,0.023958532493091426,0,0,0,BOTTOM
0.8040000000000006,1000,658.4126984126983,657.6022503853505,0.06583872549246575,0.263354901969863,10.987200000000001,0.023969246211033107,0,0,0,BOTTOM
0.8240000000000006,1000,658.4126984126983,657.7266689685748,0.0658636412705532,0.2634545650822128,10.987200000000001,0.02397831704913106,0,0,0,BOTTOM
0.8440000000000006,1000,658.4126984126983,657.8319870255107,0.06588473570509686,0.2635389428203874,10.987200000000001,0.023985996688909585,0,0,0,BOTTOM
0.8640000000000007,1000,658.4126984126983,657.9211368360081,0.06590259439794378,0.26361037759177514,10.987200000000001,0.023992498324575423,0,0,0,BOTTOM
0.8840000000000007,1000,658.4126984126983,657.9966005213718,0.06591771334635985,0.2636708533854394,10.987200000000001,0.023998002528891744,0,0,0,BOTTOM
0.9040000000000007,1000,658.4126984126983,658.0604791519248,0.06593051261506258,0.2637220504602503,10.987200000000001,0.024002662230618383,0,0,0,BOTTOM
0.9240000000000007,1000,658.4126984126983,658.114551245299,0.0659413479331324,0.2637653917325296,10.987200000000001,0.024006606936483325,0,0,0,BOTTOM
0.9440000000000007,1000,658.4126984126983,658.1603222841669,0.06595052052762884,0.26380208211051537,10.987200000000001,0.024009946311208983,0,0,0,BOTTOM
0.9640000000000007,1000,658.4126984126983,658.1990666320979,0.06595828545977872,0.2638331418391149,10.987200000000001,0.024012773212384854,0,0,0,BOTTOM
0.9840000000000008,1000,658.4126984126983,658.231863014564,0.06596485869015727,0.26385943476062906,10.987200000000001,0.02401516626261732,0,0,0,BOTTOM
1.0040000000000007,1000,658.4126984126983,658.2596245529643,0.06597042306550457,0.2638816922620183,10.987200000000001,0.024017192029090056,0,0,0,BOTTOM
1.0240000000000007,1000,658.4126984126983,658.2831241878749,0.06597513339094867,0.26390053356379467,10.987200000000001,0.024018906870157515,0,0,0,BOTTOM
1.0440000000000007,1000,658.4126984126983,658.3030161993684,0.06597912072676879,0.26391648290707515,10.987200000000001,0.024020358499624573,0,0,0,BOTTOM
1.0640000000000007,1000,658.4126984126983,658.319854423569,0.06598249602783336,0.26392998411133345,10.987200000000001,0.024021587311720313,0,0,0,BOTTOM
1.0840000000000007,1000,658.4126984126983,658.3341076726346,0.06598535322597045,0.2639414129038818,10.987200000000001,0.024022627503265778,0,0,0,BOTTOM
1.1040000000000008,1000,658.4126984126983,658.3461727874886,0.0659877718403221,0.2639510873612884,10.987200000000001,0.024023508023999596,0,0,0,BOTTOM
1.1240000000000008,1000,658.4126984126983,658.3563856867214,0.06598981918781055,0.2639592767512422,10.987200000000001,0.02402425338132028,0,0,0,BOTTOM
1.1440000000000008,1000,658.4126984126983,658.3650307192801,0.06599155225486485,0.2639662090194594,10.987200000000001,0.02402488432170702,0,0,0,BOTTOM
1.1640000000000008,1000,658.4126984126983,658.3723485813521,0.06599301928223916,0.26397207712895665,10.987200000000001,0.02402541840768864,0,0,0,BOTTOM
1.1840000000000008,1000,658.4126984126983,658.3785430178613,0.06599426110684484,0.26397704442737935,10.987200000000001,0.024025870506350966,0,0,0,BOTTOM
1.2040000000000008,1000,658.4126984126983,658.3837864951623,0.06599531229781014,0.26398124919124055,10.987200000000001,0.02402625320293073,0,0,0,BOTTOM
1.2240000000000009,1000,658.4126984126983,658.3882250028726,0.06599620211829434,0.26398480847317735,10.987200000000001,0.024026577150973616,0,0,0,BOTTOM
1.2440000000000009,1000,658.4126984126983,658.3919821185352,0.06599695533976069,0.26398782135904275,10.987200000000001,0.02402685136877846,0,0,0,BOTTOM
1.264000000000001,1000,658.4126984126983,658.3951624482819,0.06599759293132589,0.26399037172530354,10.987200000000001,0.024027083490361832,0,0,0,BOTTOM
1.284000000000001,1000,658.4126984126983,658.3978545392914,0.06599813264334063,0.2639925305733625,10.987200000000001,0.024027279977916347,0,0,0,BOTTOM
1.304000000000001,1000,658.4126984126983,658.4001333451326,0.06599858950142247,0.2639943580056899,10.987200000000001,0.024027446301668292,0,0,0,BOTTOM
1.324000000000001,1000,658.4126984126983,658.402062312632,0.06599897622467539,0.26399590489870156,10.987200000000001,0.024027587092134622,0,0,0,BOTTOM
1.344000000000001,1000,658.4126984126983,658.4036951483682,0.06599930357972704,0.26399721431890816,10.987200000000001,0.024027706269013772,0,0,0,BOTTOM
1.364000000000001,1000,658.4126984126983,658.4050773139785,0.06599958068043026,0.263998322721721,10.987200000000001,0.02402780715029498,0,0,0,BOTTOM
1.384000000000001,1000,658.4126984126983,658.4062472919085,0.0659998152415661,0.2639992609662644,10.987200000000001,0.024027892544621413,0,0,0,BOTTOM
1.404000000000001,1000,658.4126984126983,658.4072376568448,0.06600001379360673,0.26400005517442693,10.987200000000001,0.024027964829476747,0,0,0,BOTTOM
1.424000000000001,1000,658.4126984126983,658.4080759826643,0.06600018186451395,0.2640007274580558,10.987200000000001,0.024028026017370738,0,0,0,BOTTOM
1.444000000000001,1000,658.4126984126983,658.4087856101498,0.06600032413363262,0.26400129653453047,10.987200000000001,0.024028077811865667,0,0,0,BOTTOM
1.464000000000001,1000,658.4126984126983,658.409386296848,0.0660004445619614,0.2640017782478456,10.987200000000001,0.02402812165500269,0,0,0,BOTTOM
1.484000000000001,1000,658.4126984126983,658.4098947671603,0.06600054650242677,0.2640021860097071,10.987200000000001,0.024028158767448217,0,0,0,BOTTOM
1.5040000000000011,1000,658.4126984126983,658.4103251779873,0.06600063279322924,0.26400253117291694,10.987200000000001,0.02402819018247751,0,0,0,BOTTOM
1.5240000000000011,1000,658.4126984126983,658.4106895128866,0.06600070583686064,0.2640028233474426,10.987200000000001,0.024028216774741748,0,0,0,BOTTOM
1.5440000000000011,1000,658.4126984126983,658.4109979157205,0.06600076766699134,0.26400307066796536,10.987200000000001,0.02402823928461895,0,0,0,BOTTOM
1.5640000000000012,1000,658.4126984126983,658.4112589730834,0.06600082000508967,0.26400328002035867,10.987200000000001,0.024028258338826873,0,0,0,BOTTOM
1.5840000000000012,1000,658.4126984126983,658.4114799533702,0.06600086430834962,0.26400345723339846,10.987200000000001,0.024028274467871563,0,0,0,BOTTOM
1.6040000000000012,1000,658.4126984126983,658.4116670091446,0.06600090181026114,0.26400360724104455,10.987200000000001,0.02402828812081736,0,0,0,BOTTOM
1.6240000000000012,1000,658.4126984126983,658.411825348439,0.06600093355495223,0.26400373421980894,10.987200000000001,0.02402829967778951,0,0,0,BOTTOM
1.6440000000000012,1000,658.4126984126983,658.4119593797583,0.06600096042625905,0.2640038417050362,10.987200000000001,0.024028309460557392,0,0,0,BOTTOM
1.6640000000000013,1000,658.4126984126983,658.4120728348205,0.0660009831723335,0.264003932689334,10.987200000000001,0.024028317741493187,0,0,0,BOTTOM
1.6840000000000013,1000,658.4126984126983,658.4121688724573,0.0660010024264729,0.2640040097058916,10.987200000000001,0.024028324751155124,0,0,0,BOTTOM
1.7040000000000013,1000,658.4126984126983,658.4122501665616,0.06600101872475217,0.2640040748990087,10.987200000000001,0.024028330684706625,0,0,0,BOTTOM
1.7240000000000013,1000,658.4126984126983,658.4123189805351,0.0660010325209493,0.2640041300837972,10.987200000000001,0.024028335707350114,0,0,0,BOTTOM
1.7440000000000013,1000,658.4126984126983,658.4123772303063,0.06600104419917917,0.26400417679671667,10.987200000000001,0.024028339958926444,0,0,0,BOTTOM
1.7640000000000013,1000,658.4126984126983,658.4124265376732,0.06600105408458817,0.2640042163383527,10.987200000000001,0.024028343557808418,0,0,0,BOTTOM
1.7840000000000014,1000,658.4126984126983,658.412468275458,0.0660010624524068,0.2640042498096272,10.987200000000001,0.024028346604196445,0,0,0,BOTTOM
1.8040000000000014,1000,658.4126984126983,658.4125036057301,0.06600106953561276,0.26400427814245103,10.987200000000001,0.024028349182908384,0,0,0,BOTTOM
1.8240000000000014,1000,658.4126984126983,658.4125335121598,0.06600107553141746,0.26400430212566983,10.987200000000001,0.024028351365741024,0,0,0,BOTTOM
1.8440000000000014,1000,658.4126984126983,658.4125588274062,0.06600108060675682,0.26400432242702726,10.987200000000001,0.024028353213469057,0,0,0,BOTTOM
1.8640000000000014,1000,658.4126984126983,658.4125802562995,0.06600108490293896,0.26400433961175584,10.987200000000001,0.024028354777537116,0,0,0,BOTTOM
1.8840000000000015,1000,658.4126984126983,658.4125983954661,0.06600108853957873,0.2640043541583149,10.987200000000001,0.02402835610149218,0,0,0,BOTTOM
1.9040000000000015,1000,658.4126984126983,658.4126137499389,0.06600109161792787,0.2640043664717115,10.987200000000001,0.02402835722219596,0,0,0,BOTTOM
1.9240000000000015,1000,658.4126984126983,658.4126267472196,0.06600109422369425,0.264004376894777,10.987200000000001,0.02402835817085126,0,0,0,BOTTOM
1.9440000000000015,1000,658.4126984126983,658.4126377491804,0.06600109642942793,0.26400438571771173,10.987200000000001,0.024028358973870657,0,0,0,BOTTOM
1.9640000000000015,1000,658.4126984126983,658.412647062139,0.06600109829654119,0.26400439318616475,10.987200000000001,0.024028359653611903,0,0,0,BOTTOM
1.9840000000000015,1000,658.4126984126983,658.4126549453883,0.06600109987701848,0.2640043995080739,10.987200000000001,0.024028360229000463,0,0,0,BOTTOM
2.0040000000000013,1200,2172.7619047619046,708.0589338345213,0.07632971614687434,0.30531886458749735,10.987200000000001,0.0277885962381223,0,0,0,BOTTOM
2.0240000000000014,1200,2172.7619047619046,932.9176074788862,0.13250779080671865,0.5300311632268746,10.987200000000001,0.0482407859351677,0,0,0,BOTTOM
2.0440000000000014,1200,2172.7619047619046,1123.2563654019839,0.19209347386265507,0.7683738954506203,10.987200000000001,0.0699335495349698,0,0,0,BOTTOM
2.0640000000000014,1200,2172.7619047619046,1284.374645522265,0.2511529485213132,1.0046117940852528,10.987200000000001,0.09143474170719133,0,0,0,BOTTOM
2.0840000000000014,1200,2172.7619047619046,1420.7583251898893,0.3073231336271304,1.2292925345085215,10.987200000000001,0.1118840591332206,0,0,0,BOTTOM
2.1040000000000014,1200,2172.7619047619046,1536.2046176018687,0.3592964830249736,1.4371859320998943,10.987200000000001,0.13080547656362806,0,0,0,BOTTOM
2.1240000000000014,1200,2172.7619047619046,1633.9277943349873,0.4064625662021365,1.625850264808546,10.987200000000001,0.1479767606677357,0,0,0,BOTTOM
2.1440000000000015,1200,2172.7619047619046,1716.648677537828,0.4486603391420915,1.794641356568366,10.987200000000001,0.16333928176135556,0,0,0,BOTTOM
2.1640000000000015,1200,2172.7619047619046,1786.6703934358436,0.4860083327693027,1.9440333310772109,10.987200000000001,0.17693619221250279,0,0,0,BOTTOM
2.1840000000000015,1200,2172.7619047619046,1845.9424962889964,0.5187894905974003,2.0751579623896013,10.987200000000001,0.18887050043592554,0,0,0,BOTTOM
2.2040000000000015,1200,2172.7619047619046,1896.1152481500276,0.5473741643866774,2.1894966575467096,10.987200000000001,0.19927703669239746,0,0,0,BOTTOM
2.2240000000000015,1200,2172.7619047619046,1938.5855656878614,0.572169604850195,2.28867841940078,10.987200000000001,0.20830406467532944,0,0,0,BOTTOM
2.2440000000000015,1200,2172.7619047619046,1974.5359133339393,0.5935877204636738,2.3743508818546952,10.987200000000001,0.2161015437831927,0,0,0,BOTTOM
2.2640000000000016,1200,2172.7619047619046,2004.9672256198085,0.6120253195004224,2.4481012780016895,10.987200000000001,0.22281393603481225,0,0,0,BOTTOM
2.2840000000000016,1200,2172.7619047619046,2030.7267753342358,0.6278527833446814,2.5114111333787257,10.987200000000001,0.22857608247585604,0,0,0,BOTTOM
2.3040000000000016,1200,2172.7619047619046,2052.53176340891,0.6414083465443238,2.565633386177295,10.987200000000001,0.23351112077483752,0,0,0,BOTTOM
2.3240000000000016,1200,2172.7619047619046,2070.9892873255794,0.6529960264413899,2.6119841057655595,10.987200000000001,0.2377297314844145,0,0,0,BOTTOM
2.3440000000000016,1200,2172.7619047619046,2086.6132440077713,0.6628858564810377,2.651543425924151,10.987200000000001,0.24133022297984477,0,0,0,BOTTOM
2.3640000000000017,1200,2172.7619047619046,2099.8386378097293,0.6713155066190286,2.6852620264761144,10.987200000000001,0.24439912138453054,0,0,0,BOTTOM
2.3840000000000017,1200,2172.7619047619046,2111.0336919675688,0.6784926745307192,2.7139706981228766,10.987200000000001,0.24701204111355726,0,0,0,BOTTOM
2.4040000000000017,1200,2172.7619047619046,2120.5101007213407,0.6845978402750662,2.738391361100265,10.987200000000001,0.24923468773666307,0,0,0,BOTTOM
2.4240000000000017,1200,2172.7619047619046,2128.5317075490016,0.689787121528805,2.75914848611522,10.987200000000001,0.2511238974547855,0,0,0,BOTTOM
2.4440000000000017,1200,2172.7619047619046,2135.321851132874,0.6941950655665159,2.7767802622660636,10.987200000000001,0.25272865354831653,0,0,0,BOTTOM
2.4640000000000017,1200,2172.7619047619046,2141.069583586006,0.6979372813747915,2.791749125499166,10.987200000000001,0.2540910446245782,0,0,0,BOTTOM
2.4840000000000018,1200,2172.7619047619046,2145.9349340671424,0.7011128602594777,2.804451441037911,10.987200000000001,0.25524714586408825,0,0,0,BOTTOM
2.504000000000002,1200,2172.7619047619046,2150.0533643346125,0.7038065628284076,2.8152262513136304,10.987200000000001,0.25622781521348753,0,0,0,BOTTOM
2.524000000000002,1200,2172.7619047619046,2153.5395402912623,0.7060907691014104,2.8243630764056418,10.987200000000001,0.2570594033425842,0,0,0,BOTTOM
2.544000000000002,1200,2172.7619047619046,2156.490524528319,0.7080272000856012,2.8321088003424046,10.987200000000001,0.2577643804010489,0,0,0,BOTTOM
2.564000000000002,1200,2172.7619047619046,2158.988478755429,0.7096684258184841,2.8386737032739364,10.987200000000001,0.2583618850365822,0,0,0,BOTTOM
2.584000000000002,1200,2172.7619047619046,2161.1029513582894,0.7110591782707902,2.844236713083161,10.987200000000001,0.25886820237031827,0,0,0,BOTTOM
2.604000000000002,1200,2172.7619047619046,2162.892813774393,0.7122374887563464,2.8489499550253856,10.987200000000001,0.259297178082258,0,0,0,BOTTOM
2.624000000000002,1200,2172.7619047619046,2164.4078995996933,0.7132356694027006,2.8529426776108022,10.987200000000001,0.25966057572546253,0,0,0,BOTTOM
2.644000000000002,1200,2172.7619047619046,2165.690392062451,0.71408115732855,2.8563246293142,10.987200000000001,0.25996838405728484,0,0,0,BOTTOM
2.664000000000002,1200,2172.7619047619046,2166.775998494485,0.7147972388120345,2.859188955248138,10.987200000000001,0.2602290806800766,0,0,0,BOTTOM
2.684000000000002,1200,2172.7619047619046,2167.6949444996253,0.7154036691557313,2.861614676622925,10.987200000000001,0.2604498577092366,0,0,0,BOTTOM
2.704000000000002,1200,2172.7619047619046,2168.4728154991385,0.7159172023134447,2.8636688092537788,10.987200000000001,0.2606368145891381,0,0,0,BOTTOM
2.724000000000002,1200,2172.7619047619046,2169.1312690845484,0.7163520427366614,2.8654081709466457,10.987200000000001,0.26079512259234794,0,0,0,BOTTOM
2.744000000000002,1200,2172.7619047619046,2169.688638011287,0.7167202303815642,2.8668809215262567,10.987200000000001,0.2609291649852789,0,0,0,BOTTOM
2.764000000000002,1200,2172.7619047619046,2170.1604406217925,0.7170319684212805,2.868127873685122,10.987200000000001,0.2610426563351101,0,0,0,BOTTOM
2.784000000000002,1200,2172.7619047619046,2170.5598129093414,0.7172959019458462,2.869183607783385,10.987200000000001,0.2611387439732948,0,0,0,BOTTOM
2.804000000000002,1200,2172.7619047619046,2170.8978742521795,0.7175193548063522,2.870077419225409,10.987200000000001,0.2612200942210398,0,0,0,BOTTOM
2.824000000000002,1200,2172.7619047619046,2171.1840370007835,0.7177085307653596,2.8708341230614383,10.987200000000001,0.26128896562012505,0,0,0,BOTTOM
2.844000000000002,1200,2172.7619047619046,2171.4262685378217,0.7178686842443871,2.8714747369775484,10.987200000000001,0.26134727109523337,0,0,0,BOTTOM
2.864000000000002,1200,2172.7619047619046,2171.6313131071165,0.7180042652005637,2.872017060802255,10.987200000000001,0.26139663069774416,0,0,0,BOTTOM
2.884000000000002,1200,2172.7619047619046,2171.804879587813,0.7181190420071388,2.8724761680285553,10.987200000000001,0.2614384163416116,0,0,0,BOTTOM
2.904000000000002,1200,2172.7619047619046,2171.951800441776,0.7182162056451902,2.8728648225807607,10.987200000000001,0.2614737897353976,0,0,0,BOTTOM
2.924000000000002,1200,2172.7619047619046,2172.0761662596606,0.7182984580258259,2.8731938321033037,10.987200000000001,0.2615037345368523,0,0,0,BOTTOM
2.944000000000002,1200,2172.7619047619046,2172.1814396517016,0.7183680868434702,2.873472347373881,10.987200000000001,0.26152908360400107,0,0,0,BOTTOM
2.964000000000002,1200,2172.7619047619046,2172.270551654181,0.7184270290024022,2.8737081160096087,10.987200000000001,0.26155054208621015,0,0,0,BOTTOM
2.984000000000002,1200,2172.7619047619046,2172.3459833357483,0.7184769243524505,2.873907697409802,10.987200000000001,0.2615687069872034,0,0,0,BOTTOM
3.0040000000000022,1200,2172.7619047619046,2172.4098348756734,0.7185191612084435,2.874076644833774,10.987200000000001,0.26158408373687325,0,0,0,BOTTOM
3.0240000000000022,1200,2172.7619047619046,2172.4638840373254,0.718554914905356,2.874219659621424,10.987200000000001,0.261597100227667,0,0,0,BOTTOM
3.0440000000000023,1200,2172.7619047619046,2172.5096356649096,0.7185851804515664,2.8743407218062655,10.987200000000001,0.26160811870233225,0,0,0,BOTTOM
3.0640000000000023,1200,2172.7619047619046,2172.5483635815435,0.7186108001814433,2.874443200725773,10.987200000000001,0.2616174458211166,0,0,0,BOTTOM
3.0840000000000023,1200,2172.7619047619046,2172.5811460552177,0.7186324871714967,2.874529948685987,10.987200000000001,0.2616253411866523,0,0,0,BOTTOM
3.1040000000000023,1200,2172.7619047619046,2172.6088958200794,0.7186508450679862,2.8746033802719446,10.987200000000001,0.2616320245623948,0,0,0,BOTTOM
3.1240000000000023,1200,2172.7619047619046,2172.6323854889047,0.7186663848751184,2.8746655395004734,10.987200000000001,0.2616376819845341,0,0,0,BOTTOM
3.1440000000000023,1200,2172.7619047619046,2172.652269064289,0.7186795391691662,2.8747181566766646,10.987200000000001,0.26164247093678683,0,0,0,BOTTOM
3.1640000000000024,1200,2172.7619047619046,2172.6691001474774,0.7186906741327633,2.8747626965310533,10.987200000000001,0.2616465247316016,0,0,0,BOTTOM
3.1840000000000024,1200,2172.7619047619046,2172.683347351807,0.7187000997433685,2.874800398973474,10.987200000000001,0.26164995621937104,0,0,0,BOTTOM
3.2040000000000024,1200,2172.7619047619046,2172.695407349902,0.7187080783987948,2.874832313595179,10.987200000000001,0.2616528609286423,0,0,0,BOTTOM
3.2240000000000024,1200,2172.7619047619046,2172.705615917892,0.7187148322194131,2.8748593288776525,10.987200000000001,0.26165531972455697,0,0,0,BOTTOM
3.2440000000000024,1200,2172.7619047619046,2172.714257284132,0.7187205492299396,2.874882196919758,10.987200000000001,0.26165740105939256,0,0,0,BOTTOM
3.2640000000000025,1200,2172.7619047619046,2172.721572042733,0.7187253885926409,2.8749015543705636,10.987200000000001,0.26165916287776353,0,0,0,BOTTOM
3.2840000000000025,1200,2172.7619047619046,2172.7277638522105,0.7187294850374603,2.874917940149841,10.987200000000001,0.2616606542294525,0,0,0,BOTTOM
3.3040000000000025,1200,2172.7619047619046,2172.7330051057775,0.7187329526122603,2.8749318104490413,10.987200000000001,0.26166191663472416,0,0,0,BOTTOM
3.3240000000000025,1200,2172.7619047619046,2172.737441731137,0.7187358878574952,2.874943551429981,10.987200000000001,0.2616629852400958,0,0,0,BOTTOM
3.3440000000000025,1200,2172.7619047619046,2172.7411972534246,0.718738372493629,2.874953489974516,10.987200000000001,0.26166388979671945,0,0,0,BOTTOM
3.3640000000000025,1200,2172.7619047619046,2172.744376234408,0.7187404756960653,2.874961902784261,10.987200000000001,0.26166465548859225,0,0,0,BOTTOM
3.3840000000000026,1200,2172.7619047619046,2172.747067183714,0.7187422560208963,2.874969024083585,10.987200000000001,0.26166530363364504,0,0,0,BOTTOM
3.4040000000000026,1200,2172.7619047619046,2172.749345023125,0.7187437630350535,2.874975052140214,10.987200000000001,0.2616658522772147,0,0,0,BOTTOM
3.4240000000000026,1200,2172.7619047619046,2172.7512731725583,0.7187450386962312,2.8749801547849247,10.987200000000001,0.26166631669441937,0,0,0,BOTTOM
3.4440000000000026,1200,2172.7619047619046,2172.752905315816,0.7187461185209899,2.8749844740839596,10.987200000000001,0.2616667098154179,0,0,0,BOTTOM
3.4640000000000026,1200,2172.7619047619046,2172.7542868952564,0.7187470325735482,2.874988130294193,10.987200000000001,0.2616670425853896,0,0,0,BOTTOM
3.4840000000000027,1200,2172.7619047619046,2172.7554563770045,0.7187478063027888,2.874991225211155,10.987200000000001,0.26166732426925465,0,0,0,BOTTOM
3.5040000000000027,1200,2172.7619047619046,2172.7564463219314,0.7187484612507764,2.8749938450031056,10.987200000000001,0.2616675627096171,0,0,0,BOTTOM
3.5240000000000027,1200,2172.7619047619046,2172.757284292221,0.7187490156525119,2.8749960626100477,10.987200000000001,0.2616677645451113,0,0,0,BOTTOM
3.5440000000000027,1200,2172.7619047619046,2172.757993618757,0.7187494849436162,2.874997939774465,10.987200000000001,0.2616679353952294,0,0,0,BOTTOM
3.5640000000000027,1200,2172.7619047619046,2172.758594050707,0.7187498821900796,2.8749995287603185,10.987200000000001,0.2616680800167757,0,0,0,BOTTOM
3.5840000000000027,1200,2172.7619047619046,2172.7591023053797,0.718750218452037,2.875000873808148,10.987200000000001,0.26166820243630295,0,0,0,BOTTOM
3.6040000000000028,1200,2172.7619047619046,2172.7595325336715,0.7187505030917001,2.8750020123668003,10.987200000000001,0.26166830606221786,0,0,0,BOTTOM
3.6240000000000028,1200,2172.7619047619046,2172.759896714058,0.7187507440340172,2.8750029761360687,10.987200000000001,0.2616683937796771,0,0,0,BOTTOM
3.644000000000003,1200,2172.7619047619046,2172.7602049861,0.7187509479873165,2.875003791949266,10.987200000000001,0.2616684680309147,0,0,0,BOTTOM
3.664000000000003,1200,2172.7619047619046,2172.7604659327494,0.7187511206300802,2.8750044825203207,10.987200000000001,0.2616685308832387,0,0,0,BOTTOM
3.684000000000003,1200,2172.7619047619046,2172.7606868193197,0.7187512667690407,2.8750050670761627,10.987200000000001,0.2616685840865882,0,0,0,BOTTOM
3.704000000000003,1200,2172.7619047619046,2172.7608737957644,0.7187513904730113,2.875005561892045,10.987200000000001,0.2616686291222554,0,0,0,BOTTOM
3.724000000000003,1200,2172.7619047619046,2172.761032067908,0.7187514951861703,2.8750059807446813,10.987200000000001,0.2616686672441278,0,0,0,BOTTOM
3.744000000000003,1200,2172.7619047619046,2172.761166042385,0.7187515838239518,2.875006335295807,10.987200000000001,0.2616686995135982,0,0,0,BOTTOM
3.764000000000003,1200,2172.7619047619046,2172.761279449331,0.7187516588542181,2.8750066354168724,10.987200000000001,0.2616687268291168,0,0,0,BOTTOM
3.784000000000003,1200,2172.7619047619046,2172.761375446239,0.7187517223659704,2.8750068894638816,10.987200000000001,0.26166874995120515,0,0,0,BOTTOM
3.804000000000003,1200,2172.7619047619046,2172.761456705867,0.7187517761275102,2.8750071045100407,10.987200000000001,0.26166876952363116,0,0,0,BOTTOM
3.824000000000003,1200,2172.7619047619046,2172.761525490657,0.7187518216356727,2.875007286542691,10.987200000000001,0.2616687860913327,0,0,0,BOTTOM
3.844000000000003,1200,2172.7619047619046,2172.7615837157246,0.7187518601575019,2.8750074406300077,10.987200000000001,0.26166880011558974,0,0,0,BOTTOM
3.864000000000003,1200,2172.7619047619046,2172.76163300218,0.7187518927655269,2.8750075710621075,10.987200000000001,0.2616688119868672,0,0,0,BOTTOM
3.884000000000003,1200,2172.7619047619046,2172.761674722264,0.7187519203676248,2.8750076814704992,10.987200000000001,0.26166882203568687,0,0,0,BOTTOM
3.904000000000003,1200,2172.7619047619046,2172.7617100375533,0.7187519437322967,2.8750077749291867,10.987200000000001,0.26166883054182927,0,0,0,BOTTOM
3.924000000000003,1200,2172.7619047619046,2172.7617399312994,0.7187519635100645,2.875007854040258,10.987200000000001,0.26166883774212335,0,0,0,BOTTOM
3.944000000000003,1200,2172.7619047619046,2172.7617652358094,0.718751980251584,2.875007921006336,10.987200000000001,0.2616688438370409,0,0,0,BOTTOM
3.964000000000003,1200,2172.7619047619046,2172.7617866556147,0.7187519944229743,2.8750079776918973,10.987200000000001,0.2616688489962772,0,0,0,BOTTOM
3.984000000000003,1200,2172.7619047619046,2172.7618047870887,0.7187520064187976,2.87500802567519,10.987200000000001,0.26166885336347656,0,0,0,BOTTOM
4.004000000000002,1400,3687.1111111111113,2222.4080923511565,0.7519733566564287,3.007893426625715,10.987200000000001,0.27376341803423204,0,0,0,BOTTOM
4.024,1400,3687.1111111111113,2447.2667733386957,0.9118375260728512,3.6473501042914047,10.987200000000001,0.33196356708637365,0,0,0,BOTTOM
4.043999999999998,1400,3687.1111111111113,2637.605537477655,1.059191594251359,4.236766377005436,10.987200000000001,0.3856092887182754,0,0,0,BOTTOM
4.063999999999996,1400,3687.1111111111113,2798.7238228595497,1.192545403502523,4.770181614010092,10.987200000000001,0.4341580761258638,0,0,0,BOTTOM
4.083999999999993,1400,3687.1111111111113,2935.1075069810345,1.3116043855072752,5.246417542029101,10.987200000000001,0.47750268876775703,0,0,0,BOTTOM
4.103999999999991,1400,3687.1111111111113,3050.553803163125,1.4168119524695233,5.667247809878093,10.987200000000001,0.5158045552896181,0,0,0,BOTTOM
4.123999999999989,1400,3687.1111111111113,3148.276983087574,1.5090398281609547,6.036159312643819,10.987200000000001,0.5493810354452289,0,0,0,BOTTOM
4.143999999999987,1400,3687.1111111111113,3230.997868991818,1.5893815851034792,6.357526340413917,10.987200000000001,0.5786302552437305,0,0,0,BOTTOM
4.163999999999985,1400,3687.1111111111113,3301.019587176522,1.6590177642097383,6.636071056838953,10.987200000000001,0.6039820024063413,0,0,0,BOTTOM
4.183999999999982,1400,3687.1111111111113,3360.291691965314,1.7191302810519344,6.876521124207738,10.987200000000001,0.6258665651128347,0,0,0,BOTTOM
4.20399999999998,1400,3687.1111111111113,3410.4644454648287,1.770850450817674,7.083401803270696,10.987200000000001,0.6446958099671158,0,0,0,BOTTOM
4.223999999999978,1400,3687.1111111111113,3452.9347643896094,1.8152296658606726,7.26091866344269,10.987200000000001,0.6608525068664163,0,0,0,BOTTOM
4.243999999999976,1400,3687.1111111111113,3488.8851132097116,1.8532250887880939,7.4129003551523756,10.987200000000001,0.6746851204267124,0,0,0,BOTTOM
4.263999999999974,1400,3687.1111111111113,3519.316426489371,1.8856950755340776,7.54278030213631,10.987200000000001,0.686506143706887,0,0,0,BOTTOM
4.283999999999971,1400,3687.1111111111113,3545.075977045024,1.9134006991451773,7.653602796580709,10.987200000000001,0.696592652958052,0,0,0,BOTTOM
4.303999999999969,1400,3687.1111111111113,3566.8809658317805,1.9370109075230948,7.748043630092379,10.987200000000001,0.7051881853513523,0,0,0,BOTTOM
4.323999999999967,1400,3687.1111111111113,3585.3384903512147,1.9571096608212208,7.828438643284883,10.987200000000001,0.7125053374185308,0,0,0,BOTTOM
4.343999999999965,1400,3687.1111111111113,3600.9624475436353,1.9742039589593623,7.896815835837449,10.987200000000001,0.7187286875489158,0,0,0,BOTTOM
4.363999999999963,1400,3687.1111111111113,3614.1878417774938,1.9887320596840805,7.954928238736322,10.987200000000001,0.724017787856444,0,0,0,BOTTOM
4.38399999999996,1400,3687.1111111111113,3625.3828963009278,2.0010714545703023,8.00428581828121,10.987200000000001,0.7285100679227836,0,0,0,BOTTOM
4.403999999999958,1400,3687.1111111111113,3634.859305364168,2.0115463511102742,8.046185404441097,10.987200000000001,0.7323235587266179,0,0,0,BOTTOM
4.423999999999956,1400,3687.1111111111113,3642.8809124537893,2.020434529626598,8.081738118506392,10.987200000000001,0.7355593889713841,0,0,0,BOTTOM
4.443999999999954,1400,3687.1111111111113,3649.671056259407,2.0279735226003353,8.111894090401341,10.987200000000001,0.7383040347314457,0,0,0,BOTTOM
4.463999999999952,1400,3687.1111111111113,3655.4187889002415,2.034366114113412,8.137464456453648,10.987200000000001,0.7406313215790781,0,0,0,BOTTOM
4.483999999999949,1400,3687.1111111111113,3660.2841395402647,2.0397851875968196,8.159140750387278,10.987200000000001,0.7426041894556645,0,0,0,BOTTOM
4.503999999999947,1400,3687.1111111111113,3664.402569942229,2.0443779673438254,8.177511869375302,10.987200000000001,0.7442762368369831,0,0,0,BOTTOM
4.523999999999945,1400,3687.1111111111113,3667.8887460127266,2.0482697077424903,8.193078830969961,10.987200000000001,0.7456930638351864,0,0,0,BOTTOM
4.543999999999943,1400,3687.1111111111113,3670.839730346154,2.0515668869863815,8.206267547945526,10.987200000000001,0.7468934349011145,0,0,0,BOTTOM
4.5639999999999405,1400,3687.1111111111113,3673.337684654838,2.0543599612534122,8.217439845013649,10.987200000000001,0.7479102815106349,0,0,0,BOTTOM
4.583999999999938,1400,3687.1111111111113,3675.452157326751,2.056725732439814,8.226902929759255,10.987200000000001,0.748771564161866,0,0,0,BOTTOM
4.603999999999936,1400,3687.1111111111113,3677.242019801306,2.0587293784652774,8.23491751386111,10.987200000000001,0.7495010115280607,0,0,0,BOTTOM
4.623999999999934,1400,3687.1111111111113,3678.7571056760844,2.0604261905631156,8.241704762252462,10.987200000000001,0.7501187529354577,0,0,0,BOTTOM
4.643999999999932,1400,3687.1111111111113,3680.0395981807237,2.0618630572451155,8.247452228980462,10.987200000000001,0.7506418586155218,0,0,0,BOTTOM
4.6639999999999295,1400,3687.1111111111113,3681.125204648211,2.0630797300381962,8.252318920152785,10.987200000000001,0.7510848005090273,0,0,0,BOTTOM
4.683999999999927,1400,3687.1111111111113,3682.0441506833613,2.0641099017771225,8.25643960710849,10.987200000000001,0.7514598448293004,0,0,0,BOTTOM
4.703999999999925,1400,3687.1111111111113,3682.822021708277,2.064982124281991,8.259928497127964,10.987200000000001,0.7517773861518825,0,0,0,BOTTOM
4.723999999999923,1400,3687.1111111111113,3683.4804753151902,2.0657205886824968,8.262882354729987,10.987200000000001,0.7520462314993798,0,0,0,BOTTOM
4.743999999999921,1400,3687.1111111111113,3684.0378442601304,2.06634578847542,8.26538315390168,10.987200000000001,0.7522738417341707,0,0,0,BOTTOM
4.7639999999999185,1400,3687.1111111111113,3684.509646886044,2.066875082601516,8.267500330406063,10.987200000000001,0.7524665365521754,0,0,0,BOTTOM
4.783999999999916,1400,3687.1111111111113,3684.909019186635,2.067323173377344,8.269292693509376,10.987200000000001,0.7526296684787185,0,0,0,BOTTOM
4.803999999999914,1400,3687.1111111111113,3685.2470805405133,2.0677025119855523,8.27081004794221,10.987200000000001,0.7527677704913179,0,0,0,BOTTOM
4.823999999999912,1400,3687.1111111111113,3685.5332432984624,2.0680236423811613,8.272094569524645,10.987200000000001,0.7528846812222081,0,0,0,BOTTOM
4.84399999999991,1400,3687.1111111111113,3685.775474843411,2.068295492879293,8.273181971517172,10.987200000000001,0.7529836511137661,0,0,0,BOTTOM
4.8639999999999075,1400,3687.1111111111113,3685.9805194194023,2.068525623320866,8.274102493283465,10.987200000000001,0.753067432401655,0,0,0,BOTTOM
4.883999999999905,1400,3687.1111111111113,3686.1540859057664,2.0687204345389283,8.274881738155713,10.987200000000001,0.7531383553731353,0,0,0,BOTTOM
4.903999999999903,1400,3687.1111111111113,3686.3010067645273,2.0688853458436656,8.275541383374662,10.987200000000001,0.7531983929822577,0,0,0,BOTTOM
4.923999999999901,1400,3687.1111111111113,3686.4253725864737,2.069024945386056,8.276099781544223,10.987200000000001,0.7532492155912537,0,0,0,BOTTOM
4.943999999999899,1400,3687.1111111111113,3686.530645981952,2.0691431175280997,8.276572470112399,10.987200000000001,0.753292237340942,0,0,0,BOTTOM
4.9639999999998965,1400,3687.1111111111113,3686.6197579873415,2.069243150724001,8.276972602896004,10.987200000000001,0.7533286554259505,0,0,0,BOTTOM
4.983999999999894,1400,3687.1111111111113,3686.695189671372,2.0693278288859016,8.277311315543606,10.987200000000001,0.7533594833573254,0,0,0,BOTTOM
5.003999999999892,1400,3687.1111111111113,3686.7590412133814,2.069399508756467,8.277598035025868,10.987200000000001,0.7533855791307946,0,0,0,BOTTOM
5.02399999999989,1400,3687.1111111111113,3686.8130903767983,2.0694601854271406,8.277840741708562,10.987200000000001,0.7534076690793433,0,0,0,BOTTOM
5.043999999999888,1400,3687.1111111111113,3686.8588420058772,2.069511547815171,8.278046191260684,10.987200000000001,0.75342636807018,0,0,0,BOTTOM
5.0639999999998855,1400,3687.1111111111113,3686.8975699237762,2.0695550256361015,8.278220102544406,10.987200000000001,0.7534421966055415,0,0,0,BOTTOM
5.083999999999883,1400,3687.1111111111113,3686.93035239852,2.069591829173872,8.278367316695489,10.987200000000001,0.753455595301395,0,0,0,BOTTOM
5.103999999999881,1400,3687.1111111111113,3686.9581021642884,2.0696229829517483,8.278491931806993,10.987200000000001,0.7534669371456779,0,0,0,BOTTOM
5.123999999999879,1400,3687.1111111111113,3686.9815918338813,2.0696493542386283,8.278597416954513,10.987200000000001,0.7534765378763026,0,0,0,BOTTOM
5.143999999999877,1400,3687.1111111111113,3687.001475409915,2.0696716771823365,8.278686708729346,10.987200000000001,0.753484664767124,0,0,0,BOTTOM
5.1639999999998745,1400,3687.1111111111113,3687.018306493653,2.069690573240312,8.278762292961249,10.987200000000001,0.7534915440659355,0,0,0,BOTTOM
5.183999999999872,1400,3687.1111111111113,3687.032553698447,2.0697065684754743,8.278826273901897,10.987200000000001,0.7534973672912021,0,0,0,BOTTOM
5.20399999999987,1400,3687.1111111111113,3687.0446136969367,2.069720108198028,8.278880432792112,10.987200000000001,0.7535022965625556,0,0,0,BOTTOM
5.223999999999868,1400,3687.1111111111113,3687.05482226526,2.0697315693603406,8.278926277441363,10.987200000000001,0.7535064691132738,0,0,0,BOTTOM
5.243999999999866,1400,3687.1111111111113,3687.0634636317836,2.0697412710495846,8.278965084198338,10.987200000000001,0.7535100011102317,0,0,0,BOTTOM
5.2639999999998635,1400,3687.1111111111113,3687.0707783906237,2.069749483369999,8.278997933479996,10.987200000000001,0.7535129908875778,0,0,0,BOTTOM
5.283999999999861,1400,3687.1111111111113,3687.0769702003026,2.069756434961881,8.279025739847524,10.987200000000001,0.7535155216840982,0,0,0,BOTTOM
5.303999999999859,1400,3687.1111111111113,3687.0822114540415,2.0697623193664922,8.279049277465969,10.987200000000001,0.7535176639604237,0,0,0,BOTTOM
5.323999999999857,1400,3687.1111111111113,3687.086648079546,2.0697673004139947,8.279069201655979,10.987200000000001,0.753519477360563,0,0,0,BOTTOM
5.343999999999855,1400,3687.1111111111113,3687.0904036019565,2.06977151678436,8.27908606713744,10.987200000000001,0.7535210123723459,0,0,0,BOTTOM
5.363999999999852,1400,3687.1111111111113,3687.093582583044,2.069775085868176,8.279100343472704,10.987200000000001,0.7535223117329896,0,0,0,BOTTOM
5.38399999999985,1400,3687.1111111111113,3687.0962735324374,2.069778107034805,8.27911242813922,10.987200000000001,0.7535234116189037,0,0,0,BOTTOM
5.403999999999848,1400,3687.1111111111113,3687.098551371922,2.069780664398868,8.279122657595472,10.987200000000001,0.7535243426528571,0,0,0,BOTTOM
5.423999999999846,1400,3687.1111111111113,3687.100479521418,2.0697828291620457,8.279131316648183,10.987200000000001,0.7535251307565333,0,0,0,BOTTOM
5.443999999999844,1400,3687.1111111111113,3687.10211166473,2.069784661595399,8.279138646381597,10.987200000000001,0.7535257978722145,0,0,0,BOTTOM
5.463999999999841,1400,3687.1111111111113,3687.1034932442158,2.06978621271738,8.27914485086952,10.987200000000001,0.7535263625736783,0,0,0,BOTTOM
5.483999999999839,1400,3687.1111111111113,3687.104662726001,2.069787525714242,8.279150102856969,10.987200000000001,0.7535268405833122,0,0,0,BOTTOM
5.503999999999837,1400,3687.1111111111113,3687.1056526709604,2.069788637142417,8.279154548569668,10.987200000000001,0.7535272452098503,0,0,0,BOTTOM
5.523999999999835,1400,3687.1111111111113,3687.1064906412767,2.0697895779462883,8.279158311785153,10.987200000000001,0.7535275877189049,0,0,0,BOTTOM
5.543999999999833,1400,3687.1111111111113,3687.1071999678356,2.06979037431974,8.27916149727896,10.987200000000001,0.7535278776466214,0,0,0,BOTTOM
5.56399999999983,1400,3687.1111111111113,3687.1078003998045,2.0697910484354316,8.279164193741726,10.987200000000001,0.7535281230651781,0,0,0,BOTTOM
5.583999999999828,1400,3687.1111111111113,3687.1083086544936,2.0697916190621317,8.279166476248527,10.987200000000001,0.7535283308075329,0,0,0,BOTTOM
5.603999999999826,1400,3687.1111111111113,3687.1087388828,2.0697921020872667,8.279168408349067,10.987200000000001,0.7535285066576621,0,0,0,BOTTOM
5.623999999999824,1400,3687.1111111111113,3687.1091030631983,2.06979251095926,8.27917004383704,10.987200000000001,0.7535286555115988,0,0,0,BOTTOM
5.643999999999822,1400,3687.1111111111113,3687.10941133525,2.0697928570619615,8.279171428247846,10.987200000000001,0.7535287815137474,0,0,0,BOTTOM
5.663999999999819,1400,3687.1111111111113,3687.109672281908,2.0697931500315963,8.279172600126385,10.987200000000001,0.7535288881722717,0,0,0,BOTTOM
5.683999999999817,1400,3687.1111111111113,3687.109893168486,2.0697933980250545,8.279173592100218,10.987200000000001,0.7535289784567694,0,0,0,BOTTOM
5.703999999999815,1400,3687.1111111111113,3687.110080144937,2.0697936079469956,8.279174431787983,10.987200000000001,0.7535290548809507,0,0,0,BOTTOM
5.723999999999813,1400,3687.1111111111113,3687.110238417086,2.069793785642091,8.279175142568365,10.987200000000001,0.7535291195726267,0,0,0,BOTTOM
5.743999999999811,1400,3687.1111111111113,3687.110372391567,2.069793936057748,8.279175744230992,10.987200000000001,0.7535291743329502,0,0,0,BOTTOM
5.763999999999808,1400,3687.1111111111113,3687.1104857985174,2.069794063381857,8.279176253527428,10.987200000000001,0.753529220686565,0,0,0,BOTTOM
5.783999999999806,1400,3687.1111111111113,3687.110581795428,2.0697941711593915,8.279176684637566,10.987200000000001,0.7535292599240538,0,0,0,BOTTOM
5.803999999999804,1400,3687.1111111111113,3687.1106630550594,2.0697942623911074,8.27917704956443,10.987200000000001,0.7535292931378721,0,0,0,BOTTOM
5.823999999999802,1400,3687.1111111111113,3687.110731839851,2.0697943396170886,8.279177358468354,10.987200000000001,0.7535293212527626,0,0,0,BOTTOM
5.8439999999998,1400,3687.1111111111113,3687.110790064921,2.0697944049874715,8.279177619949886,10.987200000000001,0.753529345051504,0,0,0,BOTTOM
5.863999999999797,1400,3687.1111111111113,3687.1108393513787,2.0697944603223073,8.27917784128923,10.987200000000001,0.7535293651967042,0,0,0,BOTTOM
5.883999999999795,1400,3687.1111111111113,3687.1108810714636,2.0697945071622343,8.279178028648937,10.987200000000001,0.7535293822492479,0,0,0,BOTTOM
5.903999999999793,1400,3687.1111111111113,3687.1109163867536,2.0697945468113774,8.27917818724551,10.987200000000001,0.7535293966839148,0,0,0,BOTTOM
5.923999999999791,1400,3687.1111111111113,3687.1109462805007,2.069794580373653,8.279178321494612,10.987200000000001,0.7535294089025968,0,0,0,BOTTOM
5.943999999999789,1400,3687.1111111111113,3687.1109715850116,2.0697946087835057,8.279178435134023,10.987200000000001,0.7535294192454877,0,0,0,BOTTOM
5.963999999999786,1400,3687.1111111111113,3687.110993004818,2.0697946328319268,8.279178531327707,10.987200000000001,0.7535294280005558,0,0,0,BOTTOM
5.983999999999784,1400,3687.1111111111113,3687.1110111362923,2.0697946531884766,8.279178612753906,10.987200000000001,0.7535294354115611,0,0,0,BOTTOM
6.003999999999782,1600,5201.460317460317,3736.7572987003605,2.12590873637778,8.50363494551112,10.987200000000001,0.7739583283740279,0,0,0,BOTTOM
6.02399999999978,1600,5201.460317460317,3961.6159796878997,2.389459001739844,9.557836006959375,10.987200000000001,0.869906437214156,0,0,0,BOTTOM
6.0439999999997776,1600,5201.460317460317,4151.95474382686,2.624581455261592,10.498325821046368,10.987200000000001,0.9555051169584942,0,0,0,BOTTOM
6.063999999999775,1600,5201.460317460317,4313.073029208755,2.8322295987289663,11.328918394915865,10.987200000000001,1.0311014994644554,0.001091157175936349,0.19154937318002224,0.29565462686789884,MOVING
6.083999999999773,1600,5201.460317460317,4449.45671333024,3.0141773769106566,12.056709507642626,10.987200000000001,1.0973414070593623,0.018265201115005833,1.4326283122210277,0.8048936617157512,MOVING
6.103999999999771,1600,5201.460317460317,4564.90300951233,3.1726191605370526,12.69047664214821,10.987200000000001,1.1550237223449296,0.06994411510856564,3.424191543967412,1.0974083431015746,MOVING
6.123999999999769,1600,5201.460317460317,4662.62618943678,3.3099088277735524,13.23963531109421,10.987200000000001,1.2050053981991962,0.1664754793705554,5.790189926680575,1.220389099337495,MOVING
6.1439999999997665,1600,5201.460317460317,4745.347075341024,3.4283945677498084,13.713578270999234,10.987200000000001,1.2481413163498645,0.31176150803792174,8.242789348378968,1.2157870409603109,MOVING
6.163999999999764,1600,5201.460317460317,4815.368793525728,3.530318931408659,14.121275725634636,10.987200000000001,1.285247899886653,0.5048909967697232,10.571226573981702,1.1198288672964278,MOVING
6.183999999999762,1600,5201.460317460317,4874.64089831452,3.6177628064045186,14.471051225618075,10.987200000000001,1.317082716762967,0.7415419880391511,12.630243068738267,0.9629663348031181,MOVING
6.20399999999976,1600,5201.460317460317,4924.813651814035,3.692618471363776,14.770473885455104,10.987200000000001,1.3443346699300187,1.0151554303203894,14.32878595724469,0.7701161324712734,MOVING
6.223999999999758,1600,5201.460317460317,4967.283970738814,3.7565814602843783,15.026325841137513,10.987200000000001,1.3676210354901623,1.317890880016353,15.619424197064568,0.5610839006770463,MOVING
6.2439999999997555,1600,5201.460317460317,5003.234319558916,3.811154189903583,15.244616759614331,10.987200000000001,1.3874887832763878,1.6413820426724381,16.4887509078597,0.3510945427377557,MOVING
6.263999999999753,1600,5201.460317460317,5033.665632838576,3.85765656381207,15.43062625524828,10.987200000000001,1.4044184373860744,1.9773137538155265,16.94891375682482,0.1513723970907674,MOVING
6.283999999999751,1600,5201.460317460317,5059.425183394229,3.8972403467128167,15.588961386851267,10.987200000000001,1.4188293092736335,2.3178436750777425,17.03032260870607,-0.030268950197840608,MOVING
6.303999999999749,1600,5201.460317460317,5081.230172180984,3.9309051998547586,15.723620799419034,10.987200000000001,1.4310853356104405,2.655892145515233,16.77551850816153,-0.18885513459226277,MOVING
6.323999999999747,1600,5201.460317460317,5099.687696700418,3.9595150261959002,15.838060104783601,10.987200000000001,1.441501028904871,2.985322749552591,16.234143825241347,-0.32171635808441257,MOVING
6.3439999999997445,1600,5201.460317460317,5115.311653892839,3.983813792124163,15.935255168496653,10.987200000000001,1.4503472375579447,3.301034596797526,15.458924986702973,-0.42800115271849504,MOVING
6.363999999999742,1600,5201.460317460317,5128.5370481266955,4.0044403431707805,16.017761372683122,10.987200000000001,1.4578565396719019,3.5989853231477733,14.502562728004381,-0.5082448134147075,MOVING
6.38399999999974,1600,5201.460317460317,5139.73210265013,4.021941964804646,16.087767859218584,10.987200000000001,1.4642281799929537,3.8761616179342595,13.415417198874135,-0.56399482872421,MOVING
6.403999999999738,1600,5201.460317460317,5149.208511713371,4.036786591946239,16.147146367784956,10.987200000000001,1.4696325149068874,4.130511806669475,12.243874170018781,-0.597492787600634,MOVING
6.423999999999736,1600,5201.460317460317,5157.230118802993,4.04937366755953,16.19749467023812,10.987200000000001,1.4742149656180028,4.360852780632081,11.029282163415969,-0.6114102299046361,MOVING
6.4439999999997335,1600,5201.460317460317,5164.020262608611,4.060043709328102,16.24017483731241,10.987200000000001,1.4780995009931928,4.566761438192966,9.807357108693958,-0.6086345560741886,MOVING
6.463999999999731,1600,5201.460317460317,5169.767995249445,4.069086676425747,16.276346705702988,10.987200000000001,1.4813916835684238,4.748458838480674,8.607959976351047,-0.5921002721442006,MOVING
6.483999999999729,1600,5201.460317460317,5174.63334588947,4.076749244405589,16.306996977622354,10.987200000000001,1.4841813180448478,4.906693496109379,7.455162872962602,-0.5646604033928004,MOVING
6.503999999999727,1600,5201.460317460317,5178.751776291435,4.0832411012437175,16.33296440497487,10.987200000000001,1.4865447434264296,5.042628681564107,6.367529627964618,-0.5289927687898746,MOVING
6.523999999999725,1600,5201.460317460317,5182.237952361932,4.088740375694178,16.35496150277671,10.987200000000001,1.4885468092668477,5.157737239309773,5.358547447259165,-0.48753589225593125,MOVING
6.5439999999997225,1600,5201.460317460317,5185.188936695358,4.093398303135051,16.373593212540204,10.987200000000001,1.490242574317406,5.253706290118237,4.437156382983981,-0.44244957299234633,MOVING
6.56399999999972,1600,5201.460317460317,5187.686891004044,4.097343225883007,16.389372903532028,10.987200000000001,1.4916787628815371,5.332353234753161,3.608332909006691,-0.39559549515605735,MOVING
6.583999999999718,1600,5201.460317460317,5189.801363675957,4.100684015758354,16.402736063033416,10.987200000000001,1.4928950108338261,5.395553708133187,2.8736926248799506,-0.3485336861686529,MOVING
6.603999999999716,1600,5201.460317460317,5191.591226150513,4.103512997285438,16.41405198914175,10.987200000000001,1.4939249298403368,5.445181528945,2.2320849352381265,-0.3025311005598078,MOVING
6.623999999999714,1600,5201.460317460317,5193.106312025292,4.1059084408023,16.4236337632092,10.987200000000001,1.494797015000109,5.483060230592858,1.680159421203789,-0.25857908709339694,MOVING
6.6439999999997115,1600,5201.460317460317,5194.388804529931,4.107936686212938,16.43174674485175,10.987200000000001,1.4955354180183986,5.510925426168973,1.212889532973945,-0.217416971618121,MOVING
6.663999999999709,1600,5201.460317460317,5195.474410997418,4.109653950292299,16.438615801169195,10.987200000000001,1.4961606051741292,5.530397033988608,0.8240442186599692,-0.17955944225297915,MOVING
6.683999999999707,1600,5201.460317460317,5196.393357032568,4.111107863406701,16.444431453626805,10.987200000000001,1.496689916778324,5.542960253236585,0.5066022175312092,-0.145325846986867,MOVING
6.703999999999705,1600,5201.460317460317,5197.171228057483,4.112338775241991,16.449355100967963,10.987200000000001,1.4971380425374947,5.549954114779997,0.25310705600440847,-0.1148698998389421,MOVING
6.723999999999703,1600,5201.460317460317,5197.829681664397,4.113380863605613,16.453523454422452,10.987200000000001,1.49751742522412,5.552566425104521,0.05596337188332498,-0.08820863652086704,MOVING
6.7439999999997005,1600,5201.460317460317,5198.387050609338,4.114263075534552,16.45705230213821,10.987200000000001,1.4978386032964,5.551833958181316,-0.09232285872239716,-0.06524976245945734,MOVING
6.763999999999698,1600,5201.460317460317,5198.85885323525,4.115009925736857,16.460039702947427,10.987200000000001,1.4981105015788758,5.548646819133713,-0.198956220886345,-0.04581679524976006,MOVING
6.783999999999696,1600,5201.460317460317,5199.258225535841,4.115642173755337,16.462568695021346,10.987200000000001,1.4983406777906423,5.543755994809782,-0.27071098803171767,-0.029671621631695285,MOVING
6.803999999999694,1600,5201.460317460317,5199.596286889719,4.116177398103957,16.46470959241583,10.987200000000001,1.4985355315654423,5.537783211367174,-0.3138320393829118,-0.01653426841660707,MOVING
6.823999999999692,1600,5201.460317460317,5199.882449647669,4.116630482929998,16.466521931719992,10.987200000000001,1.498700481625891,5.531232330851734,-0.3339719071425772,-0.006099830601834723,MOVING
6.843999999999689,1600,5201.460317460317,5200.1246811926185,4.117014030442007,16.46805612176803,10.987200000000001,1.498840115931996,5.524501632004377,-0.3361583183688891,0.0019473882159967912,MOVING
6.863999999999687,1600,5201.460317460317,5200.329725768609,4.117338710364551,16.469354841458205,10.987200000000001,1.4989583189036517,5.51789643091198,-0.3247868114066171,0.00792238430218364,MOVING
6.883999999999685,1600,5201.460317460317,5200.503292254974,4.117613555990354,16.470454223961415,10.987200000000001,1.499058379201381,5.511641601473646,-0.3036333592241717,0.012130412915652386,MOVING
6.903999999999683,1600,5201.460317460317,5200.650213113735,4.117846214958607,16.471384859834426,10.987200000000001,1.4991430810246855,5.505893651773361,-0.2758823779382282,0.014860161147240227,MOVING
6.923999999999681,1600,5201.460317460317,5200.77457893568,4.118043161660065,16.47217264664026,10.987200000000001,1.4992147814402448,5.500752098919946,-0.24416600120380927,0.01637887583085563,MOVING
6.943999999999678,1600,5201.460317460317,5200.879852331159,4.118209877124236,16.472839508496943,10.987200000000001,1.4992754758716453,5.496269960978913,-0.2106110297963006,0.016929180047297775,MOVING
6.963999999999676,1600,5201.460317460317,5200.968964336548,4.118351001355182,16.47340400542073,10.987200000000001,1.4993268535587527,5.492463250051176,-0.1768904965691239,0.016727314758413235,MOVING
6.983999999999674,1600,5201.460317460317,5201.04439602058,4.1184704623273065,16.473881849309226,10.987200000000001,1.4993703445199162,5.4893194055370484,-0.14427730151526702,0.015962553363019424,MOVING
7.003999999999672,1600,5201.460317460317,5201.10824756259,4.1185715852110665,16.474286340844266,10.987200000000001,1.4994071593166833,5.486804651657892,-0.11369785622354324,0.014797554166141168,MOVING
7.02399999999967,1600,5201.460317460317,5201.162296726006,4.118657184854334,16.474628739417337,10.987200000000001,1.4994383227225623,5.484870299112122,-0.08578412210391838,0.013369436946754314,MOVING
7.043999999999667,1600,5201.460317460317,5201.208048355086,4.118729644083197,16.474918576332787,10.987200000000001,1.4994647022292107,5.483458038183234,-0.06092282638446606,0.011791393362629661,MOVING
7.063999999999665,1600,5201.460317460317,5201.246776272984,4.118790979994341,16.475163919977366,10.987200000000001,1.4994870321808436,5.482504290645512,-0.03930099097961204,0.010154665512293055,MOVING
7.083999999999663,1600,5201.460317460317,5201.2795587477285,4.118842900079124,16.475371600316496,10.987200000000001,1.4995059342067583,5.481943701410712,-0.020947211151738504,0.008530751524829513,MOVING
7.103999999999661,1600,5201.460317460317,5201.307308513497,4.1188868497377875,16.47554739895115,10.987200000000001,1.4995219345193633,5.481711859001658,-0.005768374510401947,0.00697372075460988,MOVING
7.123999999999659,1600,5201.460317460317,5201.3307981830885,4.118924052503907,16.475696210015627,10.987200000000001,1.4995354785582884,5.4817473375627,0.006418281248441612,0.0055225434240018445,MOVING
7.143999999999656,1600,5201.460317460317,5201.3506817591215,4.118955544096843,16.47582217638737,10.987200000000001,1.4995469433875208,5.481993153098341,0.015857707961774953,0.004203359968259082,MOVING
7.163999999999654,1600,5201.460317460317,5201.36751284286,4.118982201248835,16.47592880499534,10.987200000000001,1.4995566481901976,5.482397723769246,0.022833992897990093,0.003031633639066981,MOVING
7.183999999999652,1600,5201.460317460317,5201.381760047655,4.1190047661082465,16.476019064432986,10.987200000000001,1.499564863152849,5.48291541908363,0.027651426608017768,0.0020141459874660323,MOVING
7.20399999999965,1600,5201.460317460317,5201.393820046143,4.119023866897666,16.476095467590664,10.987200000000001,1.4995718169861896,5.483506776326042,0.030619344566958164,0.0011508086499202156,MOVING
7.223999999999648,1600,5201.460317460317,5201.4040286144655,4.11904003540145,16.4761601416058,10.987200000000001,1.49957770329163,5.484138455099149,0.03204035555304867,0.00043627645811504035,MOVING
7.243999999999645,1600,5201.460317460317,5201.4126699809885,4.119053721769222,16.47621488707689,10.987200000000001,1.4995826859506414,5.484782992864651,0.032201551483768714,-0.00013864359920594732,MOVING
7.263999999999643,1600,5201.460317460317,5201.419984739827,4.11906530704719,16.47626122818876,10.987200000000001,1.4995869036869047,5.485418416221433,0.03136829187173259,-0.0005857854579211858,MOVING
7.283999999999641,1600,5201.460317460317,5201.426176549507,4.119075113786002,16.47630045514401,10.987200000000001,1.499590473928208,5.486027754641901,0.029780167533084413,-0.0009186111676617593,MOVING
7.303999999999639,1600,5201.460317460317,5201.431417803245,4.11908341502031,16.47633366008124,10.987200000000001,1.4995934960755462,5.486598495721775,0.02764876942860802,-0.001151379965061168,MOVING
7.323999999999637,1600,5201.460317460317,5201.435854428751,4.119090441869984,16.476361767479936,10.987200000000001,1.4995960542704179,5.48712201384543,0.025156916702366815,-0.0012984840573472432,MOVING
7.343999999999634,1600,5201.460317460317,5201.4396099511605,4.119096389974501,16.476385559898002,10.987200000000001,1.4995982197373308,5.487592997636972,0.022459030674934835,-0.0013739341266564523,MOVING
7.363999999999632,1600,5201.460317460317,5201.442788932248,4.119101424939629,16.476405699758516,10.987200000000001,1.4996000527667206,5.488008895721891,0.019682376715025613,-0.0013909766885524739,MOVING
7.38399999999963,1600,5201.460317460317,5201.445479881643,4.119105686947999,16.476422747791997,10.987200000000001,1.4996016043934755,5.48836939519421,0.016928931896324634,-0.0013618253196571884,MOVING
7.403999999999628,1600,5201.460317460317,5201.447757721128,4.11910929466192,16.47643717864768,10.987200000000001,1.499602917817795,5.4886759427697145,0.01427767183003325,-0.0012974882433470745,MOVING
7.423999999999626,1600,5201.460317460317,5201.449685870625,4.119112348527058,16.476449394108233,10.987200000000001,1.4996040296079285,5.488931314884436,0.011787104042529329,-0.0012076756823205424,MOVING
7.443999999999623,1600,5201.460317460317,5201.4513180139365,4.11911493356897,16.47645973427588,10.987200000000001,1.4996049707182795,5.489139239929912,0.009497907007576111,-0.0011007716231793633,MOVING
7.463999999999621,1600,5201.460317460317,5201.452699593421,4.119117121760341,16.476468487041362,10.987200000000001,1.4996057673512233,5.489304073351611,0.007435562945269833,-0.0009838560815846234,MOVING
7.483999999999619,1600,5201.460317460317,5201.453869075207,4.1191189740248015,16.476475896099206,10.987200000000001,1.4996064416866175,5.48943052441577,0.0056128984649078065,-0.0008627655148427578,MOVING
7.503999999999617,1600,5201.460317460317,5201.454859020167,4.1191205419331425,16.47648216773257,10.987200000000001,1.4996070124993235,5.489523432010015,0.004032469919130559,-0.0007421806263609023,MOVING
7.5239999999996146,1600,5201.460317460317,5201.4556969904825,4.119121869139131,16.476487476556525,10.987200000000001,1.4996074956819319,5.4895875858208685,0.0026887499469358794,-0.0006257323845186163,MOVING
7.543999999999612,1600,5201.460317460317,5201.456406317042,4.119122992594915,16.47649197037966,10.987200000000001,1.4996079046872413,5.489627588563895,0.001570088209668184,-0.000516118590932939,MOVING
7.56399999999961,1600,5201.460317460317,5201.45700674901,4.119123943579823,16.476495774319293,10.987200000000001,1.4996082509028044,5.489647754570246,0.0006604329396524185,-0.0004152247469435578,MOVING
7.583999999999608,1600,5201.460317460317,5201.457515003699,4.119124748571253,16.476498994285013,10.987200000000001,1.4996085439679818,5.489652039900954,-0.000059189147877997525,-0.00032424425924042845,MOVING
7.603999999999606,1600,5201.460317460317,5201.457945232005,4.11912542998185,16.4765017199274,10.987200000000001,1.4996087920423216,5.4896439992171695,-0.0006094285219977838,-0.00024379418306500064,MOVING
7.6239999999996035,1600,5201.460317460317,5201.458309412404,4.119126006783512,16.476504027134048,10.987200000000001,1.4996090020327333,5.489626764835133,-0.0010115916633076476,-0.00017402371698949527,MOVING
7.643999999999601,1600,5201.460317460317,5201.458617684455,4.119126495035609,16.476505980142434,10.987200000000001,1.49960917978579,5.489603043699906,-0.0012868261312204822,-0.00011471353724323064,MOVING
7.663999999999599,1600,5201.460317460317,5201.458878631112,4.119126908332108,16.47650763332843,10.987200000000001,1.4996093302505122,5.489575128387561,-0.0014554920323397711,-0.00006536479580154449,MOVING
7.683999999999597,1600,5201.460317460317,5201.4590995176895,4.1191272581800575,16.47650903272023,10.987200000000001,1.4996094576161558,5.48954491866349,-0.0015366984471087124,-0.00002527721283305584,MOVING
7.703999999999595,1600,5201.460317460317,5201.459286494141,4.119127554319967,16.476510217279866,10.987200000000001,1.4996095654288504,5.489513950561295,-0.0015479828348304383,0.000006383819649293658,MOVING
7.7239999999995925,1600,5201.460317460317,5201.45944476629,4.119127804996996,16.476511219987984,10.987200000000001,1.499609656690329,5.489483430383864,-0.0015051117410362187,0.00003053082791248818,MOVING
7.74399999999959,1600,5201.460317460317,5201.459578740773,4.119128017190526,16.476512068762105,10.987200000000001,1.4996097339415049,5.489454271451308,-0.0014219820741393349,0.00004810796323190813,MOVING
7.763999999999588,1600,5201.460317460317,5201.459692147722,4.119128196808474,16.476512787233897,10.987200000000001,1.4996097993332145,5.4894271318188395,-0.0013106036240265872,0.00006005404880056165,MOVING
7.783999999999586,1600,5201.460317460317,5201.459788144634,4.11912834885179,16.47651339540716,10.987200000000001,1.4996098546861036,5.489402451554006,-0.0011811452124126912,0.00006727406206813693,MOVING
7.803999999999584,1600,5201.460317460317,5201.459869404266,4.119128477553682,16.476513910214727,10.987200000000001,1.499609901541314,5.489380488492275,-0.0010420287667024738,0.00007061807774640424,MOVING
7.8239999999995815,1600,5201.460317460317,5201.4599381890575,4.11912858649748,16.47651434598992,10.987200000000001,1.4996099412033927,5.4893613516804045,-0.0009000575918816574,0.0000708666748210649,MOVING
7.843999999999579,1600,5201.460317460317,5201.459996414127,4.1191286787164145,16.476514714865658,10.987200000000001,1.4996099747766178,5.489345031967702,-0.0007605670950955518,0.00006872182602193936,MOVING
7.863999999999577,1600,5201.460317460317,5201.460045700584,4.119128756778059,16.476515027112235,10.987200000000001,1.4996100031957398,5.489331429417086,-0.0006275881324372685,0.00006480233191617412,MOVING
7.883999999999575,1600,5201.460317460317,5201.46008742067,4.119128822855816,16.476515291423265,10.987200000000001,1.499610027252008,5.48932037738262,-0.000504014948101312,0.00005964292630207606,MOVING
7.903999999999573,1600,5201.460317460317,5201.460122735959,4.119128878789427,16.476515515157708,10.987200000000001,1.4996100476151981,5.489311663240693,-0.000391771331117081,0.00005369625756079341,MOVING
7.9239999999995705,1600,5201.460317460317,5201.4601526297065,4.11912892613621,16.47651570454484,10.987200000000001,1.499610064852268,5.489305045871392,-0.0002919701026406936,0.00004733703703701979,MOVING
7.943999999999568,1600,5201.460317460317,5201.460177934218,4.119128966214397,16.47651586485759,10.987200000000001,1.4996100794431326,5.489300270068292,-0.00020506235763966115,0.0000408677349003559,MOVING
7.963999999999566,1600,5201.460317460317,5201.460199354025,4.119129000139849,16.476516000559396,10.987200000000001,1.4996100917940325,5.489297078112628,-0.00013097401545595695,0.000034525294049823945,MOVING
7.983999999999564,1600,5201.460317460317,5201.460217485498,4.119129028857123,16.476516115428492,10.987200000000001,1.4996101022488433,5.489295218784914,-0.00006922818895712928,0.00002848841849113564,MOVING
8.003999999999563,1800,6715.809523809524,5251.106505049566,4.198135844998098,16.79254337999239,10.987200000000001,1.5283733235030208,5.489745921489108,0.11284779280459357,0.28218999876114365,MOVING
8.02399999999956,1800,6715.809523809524,5475.965186037106,4.565372206305804,18.261488825223218,10.987200000000001,1.6620693921311358,5.512267585774647,2.08366078128487,1.3897024184152507,MOVING
8.043999999999558,1800,6715.809523809524,5666.303950176065,4.888263045170792,19.553052180683167,10.987200000000001,1.77962102998791,5.595675644146487,5.729294741166284,2.0592034320846464,MOVING
8.063999999999556,1800,6715.809523809524,5827.422235557961,5.170205522854377,20.680822091417507,10.987200000000001,1.882265007592244,5.763958430217738,10.280867876354293,2.379197020691339,MOVING
8.083999999999554,1800,6715.809523809524,5963.805919679447,5.415042097213007,21.66016838885203,10.987200000000001,1.9714002101401655,6.02777469607235,15.138128544404223,2.4308347845307354,MOVING
8.103999999999552,1800,6715.809523809524,6079.2522158615375,5.626718097503551,22.506872390014205,10.987200000000001,2.0484629741894387,6.387623682241738,19.852071641676897,2.285871207240985,MOVING
8.12399999999955,1800,6715.809523809524,6176.975395785987,5.80906955628512,23.23627822514048,10.987200000000001,2.114849845742362,6.836632654871377,24.104953033654,2.0058007121166894,MOVING
8.143999999999547,1800,6715.809523809524,6259.69628169023,5.965699279295104,23.862797117180417,10.987200000000001,2.1718724622451955,7.362933787485133,27.68959853923888,1.6418025642469865,MOVING
8.163999999999545,1800,6715.809523809524,6329.717999874934,6.099911827506548,24.399647310026193,10.987200000000001,2.2207338821561624,7.9516323978389245,30.489279840948,1.2352188475736268,MOVING
8.183999999999543,1800,6715.809523809524,6388.990104663726,6.214687060656072,24.858748242624287,10.987200000000001,2.2625189532022976,8.586388277491395,32.458972050755705,0.8183644419455967,MOVING
8.20399999999954,1800,6715.809523809524,6439.162858163241,6.312678220808844,25.250712883235376,10.987200000000001,2.2981936146821185,9.250643972801722,33.6084741028672,0.41552296282304024,MOVING
8.223999999999538,1800,6715.809523809524,6481.633177088021,6.396224983607053,25.58489993442821,10.987200000000001,2.328609648903106,9.928540483447891,33.9876324876228,0.044023902879340514,MOVING
8.243999999999536,1800,6715.809523809524,6517.583525908122,6.467375019918043,25.86950007967217,10.987200000000001,2.354512530915262,10.605563508132208,33.67373798307361,-0.28467273887034594,MOVING
8.263999999999534,1800,6715.809523809524,6548.014839187783,6.527909780989033,26.11163912395613,10.987200000000001,2.3765508158544604,11.26896326786985,32.76104672383735,-0.5639346789056404,MOVING
8.283999999999532,1800,6715.809523809524,6573.774389743437,6.579371723179427,26.317486892717707,10.987200000000001,2.3952860503784135,11.907988964103476,31.35229816522748,-0.7909911859555536,MOVING
8.30399999999953,1800,6715.809523809524,6595.57937853019,6.623091221085393,26.492364884341573,10.987200000000001,2.4112025706587272,12,0,0,UPPER STOP
8.323999999999527,1800,6715.809523809524,6614.036903049625,6.660212120469551,26.640848481878205,10.987200000000001,2.42471680518041,12,0,0,UPPER STOP
8.343999999999525,1800,6715.809523809524,6629.6608602420465,6.691715354187936,26.766861416751745,10.987200000000001,2.4361858723561727,12,0,0,UPPER STOP
8.363999999999523,1800,6715.809523809524,6642.886254475903,6.718440355556453,26.87376142222581,10.987200000000001,2.445915376276559,12,0,0,UPPER STOP
8.38399999999952,1800,6715.809523809524,6654.081308999338,6.741104203937962,26.964416815751846,10.987200000000001,2.454166376852323,12,0,0,UPPER STOP
8.403999999999519,1800,6715.809523809524,6663.557718062579,6.760318561681176,27.041274246724704,10.987200000000001,2.461161555876356,12,0,0,UPPER STOP
8.423999999999516,1800,6715.809523809524,6671.5793251522,6.776604534391435,27.10641813756574,10.987200000000001,2.4670906270538207,12,0,0,UPPER STOP
8.443999999999514,1800,6715.809523809524,6678.369468957818,6.79040562495484,27.16162249981936,10.987200000000001,2.4721150520441384,12,0,0,UPPER STOP
8.463999999999512,1800,6715.809523809524,6684.117201598652,6.802098967637052,27.20839587054821,10.987200000000001,2.476372130346968,12,0,0,UPPER STOP
8.48399999999951,1800,6715.809523809524,6688.982552238677,6.812005030113328,27.24802012045331,10.987200000000001,2.4799785314232294,12,0,0,UPPER STOP
8.503999999999508,1800,6715.809523809524,6693.100982640642,6.8203959640425795,27.281583856170318,10.987200000000001,2.4830333348050746,12,0,0,UPPER STOP
8.523999999999505,1800,6715.809523809524,6696.58715871114,6.827502772544833,27.310011090179334,10.987200000000001,2.4856206394877067,12,0,0,UPPER STOP
8.543999999999503,1800,6715.809523809524,6699.538143044566,6.833521448182689,27.334085792730757,10.987200000000001,2.487811798522895,12,0,0,UPPER STOP
8.563999999999501,1800,6715.809523809524,6702.036097353251,6.838618219411571,27.354472877646284,10.987200000000001,2.489667329041638,12,0,0,UPPER STOP
8.583999999999499,1800,6715.809523809524,6704.150570025165,6.842934027975863,27.371736111903452,10.987200000000001,2.491238542294984,12,0,0,UPPER STOP
8.603999999999496,1800,6715.809523809524,6705.9404324997195,6.846588345004565,27.38635338001826,10.987200000000001,2.4925689329418104,12,0,0,UPPER STOP
8.623999999999494,1800,6715.809523809524,6707.455518374499,6.849682419940452,27.398729679761807,10.987200000000001,2.4936953618539577,12,0,0,UPPER STOP
8.643999999999492,1800,6715.809523809524,6708.738010879138,6.852302044079727,27.40920817631891,10.987200000000001,2.4946490622104727,12,0,0,UPPER STOP
8.66399999999949,1800,6715.809523809524,6709.823617346625,6.85451989944537,27.41807959778148,10.987200000000001,2.4954564946284292,12,0,0,UPPER STOP
8.683999999999488,1800,6715.809523809524,6710.742563381775,6.856397553935249,27.425590215740996,10.987200000000001,2.4961400735165458,12,0,0,UPPER STOP
8.703999999999485,1800,6715.809523809524,6711.520434406691,6.857987155100959,27.431948620403837,10.987200000000001,2.496718783712305,12,0,0,UPPER STOP
8.723999999999483,1800,6715.809523809524,6712.178888013604,6.859332867427696,27.437331469710784,10.987200000000001,2.4972087037380573,12,0,0,UPPER STOP
8.743999999999481,1800,6715.809523809524,6712.736256958546,6.8604720914926505,27.441888365970602,10.987200000000001,2.4976234496478265,12,0,0,UPPER STOP
8.763999999999479,1800,6715.809523809524,6713.208059584456,6.861436497771167,27.445745991084667,10.987200000000001,2.4979745513947744,12,0,0,UPPER STOP
8.783999999999477,1800,6715.809523809524,6713.607431885048,6.862252903032299,27.449011612129198,10.987200000000001,2.4982717718917646,12,0,0,UPPER STOP
8.803999999999474,1800,6715.809523809524,6713.945493238926,6.862944013121331,27.451776052485325,10.987200000000001,2.4985233774287647,12,0,0,UPPER STOP
8.823999999999472,1800,6715.809523809524,6714.231655996877,6.863529052377802,27.45411620951121,10.987200000000001,2.4987363668187714,12,0,0,UPPER STOP
8.84399999999947,1800,6715.809523809524,6714.473887541826,6.864024296903688,27.456097187614752,10.987200000000001,2.498916665539423,12,0,0,UPPER STOP
8.863999999999468,1800,6715.809523809524,6714.678932117817,6.864443526307205,27.45777410522882,10.987200000000001,2.4990692901948464,12,0,0,UPPER STOP
8.883999999999466,1800,6715.809523809524,6714.852498604182,6.864798406340747,27.45919362536299,10.987200000000001,2.4991984878188243,12,0,0,UPPER STOP
8.903999999999463,1800,6715.809523809524,6714.999419462943,6.865098812972515,27.46039525189006,10.987200000000001,2.4993078538563105,12,0,0,UPPER STOP
8.923999999999461,1800,6715.809523809524,6715.123785284888,6.865353106833042,27.461412427332167,10.987200000000001,2.4994004320784335,12,0,0,UPPER STOP
8.943999999999459,1800,6715.809523809524,6715.229058680366,6.865568365619338,27.462273462477352,10.987200000000001,2.4994787991915457,12,0,0,UPPER STOP
8.963999999999457,1800,6715.809523809524,6715.318170685756,6.865750580885331,27.463002323541325,10.987200000000001,2.4995451364807524,12,0,0,UPPER STOP
8.983999999999455,1800,6715.809523809524,6715.393602369787,6.865904824667678,27.46361929867071,10.987200000000001,2.499601290471704,12,0,0,UPPER STOP
9.003999999999452,1800,6715.809523809524,6715.457453911797,6.866035390564631,27.464141562258526,10.987200000000001,2.4996488242917687,12,0,0,UPPER STOP
9.02399999999945,1800,6715.809523809524,6715.511503075213,6.866145913180494,27.464583652721977,10.987200000000001,2.499689061154978,12,0,0,UPPER STOP
9.043999999999448,1800,6715.809523809524,6715.557254704293,6.866239469250188,27.464957877000753,10.987200000000001,2.4997231211774382,12,0,0,UPPER STOP
9.063999999999446,1800,6715.809523809524,6715.595982622191,6.866318663251549,27.465274653006198,10.987200000000001,2.4997519525453433,12,0,0,UPPER STOP
9.083999999999444,1800,6715.809523809524,6715.628765096935,6.866385699883341,27.465542799533363,10.987200000000001,2.4997763579013177,12,0,0,UPPER STOP
9.103999999999441,1800,6715.809523809524,6715.656514862704,6.866442445422793,27.465769781691172,10.987200000000001,2.4997970166822454,12,0,0,UPPER STOP
9.12399999999944,1800,6715.809523809524,6715.680004532296,6.866490479668152,27.46596191867261,10.987200000000001,2.4998145040294713,12,0,0,UPPER STOP
9.143999999999437,1800,6715.809523809524,6715.699888108329,6.866531139910317,27.46612455964127,10.987200000000001,2.4998293067971153,12,0,0,UPPER STOP
9.163999999999435,1800,6715.809523809524,6715.716719192067,6.866565558156326,27.466262232625304,10.987200000000001,2.499841837103657,12,0,0,UPPER STOP
9.183999999999433,1800,6715.809523809524,6715.730966396861,6.8665946926399855,27.466378770559942,10.987200000000001,2.499852443803693,12,0,0,UPPER STOP
9.20399999999943,1800,6715.809523809524,6715.74302639535,6.8666193544962715,27.466477417985086,10.987200000000001,2.4998614221990207,12,0,0,UPPER STOP
9.223999999999428,1800,6715.809523809524,6715.753234963673,6.866640230341529,27.466560921366117,10.987200000000001,2.4998690222591846,12,0,0,UPPER STOP
9.243999999999426,1800,6715.809523809524,6715.761876330196,6.866657901387832,27.466631605551328,10.987200000000001,2.4998754555802503,12,0,0,UPPER STOP
9.263999999999424,1800,6715.809523809524,6715.769191089034,6.866672859623353,27.466691438493413,10.987200000000001,2.4998809012754304,12,0,0,UPPER STOP
9.283999999999422,1800,6715.809523809524,6715.775382898713,6.866685521509095,27.46674208603638,10.987200000000001,2.4998855109615166,12,0,0,UPPER STOP
9.30399999999942,1800,6715.809523809524,6715.780624152452,6.8666962395731,27.4667849582924,10.987200000000001,2.499889412979867,12,0,0,UPPER STOP
9.323999999999417,1800,6715.809523809524,6715.785060777957,6.866705312224946,27.466821248899784,10.987200000000001,2.4998927159694717,12,0,0,UPPER STOP
9.343999999999415,1800,6715.809523809524,6715.788816300367,6.866712992063613,27.466851968254453,10.987200000000001,2.4998955118915145,12,0,0,UPPER STOP
9.363999999999413,1800,6715.809523809524,6715.791995281455,6.866719492910051,27.466877971640205,10.987200000000001,2.4998978785896497,12,0,0,UPPER STOP
9.38399999999941,1800,6715.809523809524,6715.794686230851,6.866724995760164,27.466899983040655,10.987200000000001,2.499899881957246,12,0,0,UPPER STOP
9.403999999999408,1800,6715.809523809524,6715.796964070336,6.86672965382394,27.46691861529576,10.987200000000001,2.4999015777719307,12,0,0,UPPER STOP
9.423999999999406,1800,6715.809523809524,6715.798892219833,6.866733596791038,27.46693438716415,10.987200000000001,2.4999030132485207,12,0,0,UPPER STOP
9.443999999999404,1800,6715.809523809524,6715.800524363144,6.86673693444151,27.46694773776604,10.987200000000001,2.499904228353542,12,0,0,UPPER STOP
9.463999999999402,1800,6715.809523809524,6715.801905942629,6.86673975970227,27.46695903880908,10.987200000000001,2.499905256917966,12,0,0,UPPER STOP
9.4839999999994,1800,6715.809523809524,6715.803075424414,6.866742151234329,27.466968604937318,10.987200000000001,2.499906127579121,12,0,0,UPPER STOP
9.503999999999397,1800,6715.809523809524,6715.804065369374,6.866744175622836,27.466976702491344,10.987200000000001,2.4999068645779943,12,0,0,UPPER STOP
9.523999999999395,1800,6715.809523809524,6715.804903339689,6.866745889230944,27.466983556923775,10.987200000000001,2.499907488434157,12,0,0,UPPER STOP
9.543999999999393,1800,6715.809523809524,6715.805612666249,6.8667473397690575,27.46698935907623,10.987200000000001,2.4999080165170584,12,0,0,UPPER STOP
9.56399999999939,1800,6715.809523809524,6715.806213098218,6.8667485676231825,27.46699427049273,10.987200000000001,2.4999084635296276,12,0,0,UPPER STOP
9.583999999999389,1800,6715.809523809524,6715.806721352906,6.8667496069793446,27.466998427917378,10.987200000000001,2.499908841917629,12,0,0,UPPER STOP
9.603999999999386,1800,6715.809523809524,6715.807151581212,6.866750486775403,27.46700194710161,10.987200000000001,2.4999091622161793,12,0,0,UPPER STOP
9.623999999999384,1800,6715.809523809524,6715.807515761611,6.866751231506734,27.467004926026934,10.987200000000001,2.4999094333430656,12,0,0,UPPER STOP
9.643999999999382,1800,6715.809523809524,6715.807824033662,6.866751861908225,27.4670074476329,10.987200000000001,2.4999096628470308,12,0,0,UPPER STOP
9.66399999999938,1800,6715.809523809524,6715.80808498032,6.86675239553159,27.46700958212636,10.987200000000001,2.4999098571179514,12,0,0,UPPER STOP
9.683999999999378,1800,6715.809523809524,6715.808305866897,6.866752847234033,27.467011388936132,10.987200000000001,2.4999100215647414,12,0,0,UPPER STOP
9.703999999999375,1800,6715.809523809524,6715.808492843349,6.866753229591908,27.467012918367633,10.987200000000001,2.4999101607659484,12,0,0,UPPER STOP
9.723999999999373,1800,6715.809523809524,6715.808651115497,6.86675355325087,27.46701421300348,10.987200000000001,2.499910278597229,12,0,0,UPPER STOP
9.743999999999371,1800,6715.809523809524,6715.80878508998,6.866753827222275,27.4670153088891,10.987200000000001,2.499910378339258,12,0,0,UPPER STOP
9.763999999999369,1800,6715.809523809524,6715.80889849693,6.8667540591340614,27.467016236536246,10.987200000000001,2.4999104627690625,12,0,0,UPPER STOP
9.783999999999367,1800,6715.809523809524,6715.808994493841,6.866754255443158,27.467017021772634,10.987200000000001,2.4999105342373515,12,0,0,UPPER STOP
9.803999999999364,1800,6715.809523809524,6715.809075753473,6.866754421615225,27.4670176864609,10.987200000000001,2.4999105947339535,12,0,0,UPPER STOP
9.823999999999362,1800,6715.809523809524,6715.809144538264,6.86675456227684,27.46701824910736,10.987200000000001,2.4999106459432205,12,0,0,UPPER STOP
9.84399999999936,1800,6715.809523809524,6715.809202763334,6.866754681344327,27.467018725377308,10.987200000000001,2.49991068929093,12,0,0,UPPER STOP
9.863999999999358,1800,6715.809523809524,6715.80925204979,6.866754782132779,27.467019128531117,10.987200000000001,2.4999107259839737,12,0,0,UPPER STOP
9.883999999999356,1800,6715.809523809524,6715.8092937698775,6.866754867448365,27.46701946979346,10.987200000000001,2.499910757043965,12,0,0,UPPER STOP
9.903999999999353,1800,6715.809523809524,6715.809329085166,6.866754939666447,27.46701975866579,10.987200000000001,2.49991078333568,12,0,0,UPPER STOP
9.923999999999351,1800,6715.809523809524,6715.809358978913,6.8667550007977365,27.467020003190946,10.987200000000001,2.499910805591137,12,0,0,UPPER STOP
9.943999999999349,1800,6715.809523809524,6715.809384283426,6.866755052544257,27.46702021017703,10.987200000000001,2.4999108244299753,12,0,0,UPPER STOP
9.963999999999347,1800,6715.809523809524,6715.809405703231,6.866755096346741,27.467020385386963,10.987200000000001,2.499910840376707,12,0,0,UPPER STOP
9.983999999999345,1800,6715.809523809524,6715.809423834705,6.866755133424739,27.467020533698957,10.987200000000001,2.499910853875323,12,0,0,UPPER STOP
10.003999999999342,1400,3687.1111111111113,6616.5168947504535,6.66520766787128,26.66083067148512,10.987200000000001,2.426535484152934,12,0,0,UPPER STOP
10.02399999999934,1400,3687.1111111111113,6166.799571750682,5.7899458344579715,23.159783337831886,10.987200000000001,2.1078876636296675,12,0,0,UPPER STOP
10.043999999999338,1400,3687.1111111111113,5786.122076464647,5.097180560847987,20.38872224339195,10.987200000000001,1.8556795401368817,11.975952176848207,-2.571394564042953,-2.0909025119797144,MOVING
10.063999999999336,1400,3687.1111111111113,5463.885533627886,4.545252544919986,18.181010179679944,10.987200000000001,1.6547446282656129,11.85867031215381,-8.361554459165449,-3.3154969229580513,MOVING
10.083999999999333,1400,3687.1111111111113,5191.118189024636,4.102765239815178,16.411060959260713,10.987200000000001,1.493652701257892,11.605003110467523,-15.678079597507457,-3.805379065738532,MOVING
10.103999999999331,1400,3687.1111111111113,4960.225616671044,3.7459130775235447,14.983652310094179,10.987200000000001,1.3637371040933246,11.199383721935458,-23.333083178760635,-3.7872482138438297,MOVING
10.123999999999329,1400,3687.1111111111113,4764.779273760745,3.456530613207747,13.826122452830989,10.987200000000001,1.258384524977336,10.645183446058198,-30.526524306715096,-3.4348248942800343,MOVING
10.143999999999327,1400,3687.1111111111113,4599.337516290472,3.2206638266619665,12.882655306647866,10.987200000000001,1.1725148633544364,9.958097456287257,-36.753835912731105,-2.8798124675826715,MOVING
10.163999999999325,1400,3687.1111111111113,4459.2940920581,3.0275203016485404,12.110081206594161,10.987200000000001,1.1021990322005752,9.161142627999773,-41.732559703294484,-2.2205200204488373,MOVING
10.183999999999322,1400,3687.1111111111113,4340.749892754295,2.868694891984922,11.474779567939688,10.987200000000001,1.0443770540210142,8.280936491499881,-45.34404098690985,-1.5287287117861417,MOVING
10.20399999999932,1400,3687.1111111111113,4240.404394451833,2.7375961759633287,10.950384703853315,10.987200000000001,0.9966492558480152,7.3449933063186705,-47.587190733789136,-0.8552167882237163,MOVING
10.223999999999318,1400,3687.1111111111113,4155.463763963756,2.629019654391337,10.516078617565348,10.987200000000001,0.957120887720743,6.379824543398815,-48.54200579169123,-0.2342416712062605,MOVING
10.243999999999316,1400,3687.1111111111113,4083.563072554913,2.538828526544988,10.155314106179953,10.987200000000001,0.924285905979681,5.409671060898691,-48.341032462569906,0.3128040039386913,MOVING
10.263999999999314,1400,3687.1111111111113,4022.700451270328,2.4637136072962704,9.854854429185082,10.987200000000001,0.8969395686967635,4.455726032416439,-47.147320979856204,0.7744023026589147,MOVING
10.283999999999311,1400,3687.1111111111113,3971.181354623988,2.401011693625541,9.604046774502164,10.987200000000001,0.8741123101884158,3.5357333684618943,-45.13768887753768,1.146465313332136,MOVING
10.30399999999931,1400,3687.1111111111113,3927.571380829988,2.348567286735814,9.394269146943255,10.987200000000001,0.8550193995688851,2.6638674505244033,-42.49031762551586,1.4303429450084646,MOVING
10.323999999999307,1400,3687.1111111111113,3890.656334990408,2.3046266281939225,9.21850651277569,10.987200000000001,0.8390223635481004,1.8508175118412782,-39.375868396893416,1.6312096831878895,MOVING
10.343999999999305,1400,3687.1111111111113,3859.408423313704,2.2677559468151216,9.071023787260486,10.987200000000001,0.8255992233927193,1.1040146823820252,-35.95143254719863,1.7567706121216842,MOVING
10.363999999999303,1400,3687.1111111111113,3832.9576371383796,2.236777947807221,8.947111791228885,10.987200000000001,0.8143213731641259,0.42795209085072733,-32.35673921798947,1.8162370620533121,MOVING
10.3839999999993,1400,3687.1111111111113,3810.567530031977,2.2107221302460074,8.84288852098403,10.987200000000001,0.8048354922986775,0,0,0,BOTTOM
10.403999999999298,1400,3687.1111111111113,3791.614713548064,2.1887856539229875,8.75514261569195,10.987200000000001,0.7968492987924083,0,0,0,BOTTOM
10.423999999999296,1400,3687.1111111111113,3775.5715007592257,2.1703023076927064,8.681209230770826,10.987200000000001,0.7901202518176446,0,0,0,BOTTOM
10.443999999999294,1400,3687.1111111111113,3761.991214324943,2.154717742051746,8.618870968206984,10.987200000000001,0.7844465348957863,0,0,0,BOTTOM
10.463999999999292,1400,3687.1111111111113,3750.495750039543,2.1415695789856253,8.566278315942501,10.987200000000001,0.7796598146882281,0,0,0,BOTTOM
10.48399999999929,1400,3687.1111111111113,3740.765049602819,2.1304713456004123,8.52188538240165,10.987200000000001,0.7756193918743308,0,0,0,BOTTOM
10.503999999999287,1400,3687.1111111111113,3732.528189512746,2.121099426167201,8.484397704668805,10.987200000000001,0.7722074509127715,0,0,0,BOTTOM
10.523999999999285,1400,3687.1111111111113,3725.5558379760196,2.1131824127425496,8.452729650970198,10.987200000000001,0.769325183028451,0,0,0,BOTTOM
10.543999999999283,1400,3687.1111111111113,3719.653869820667,2.10649237403447,8.42596949613788,10.987200000000001,0.7668896075558721,0,0,0,BOTTOM
10.56399999999928,1400,3687.1111111111113,3714.6579616362746,2.100837667701389,8.403350670805557,10.987200000000001,0.76483095518472,0,0,0,BOTTOM
10.583999999999278,1400,3687.1111111111113,3710.429016658955,2.096057001582175,8.3842280063287,10.987200000000001,0.7630905058912825,0,0,0,BOTTOM
10.603999999999276,1400,3687.1111111111113,3706.849292020087,2.092014510882325,8.3680580435293,10.987200000000001,0.7616187967388688,0,0,0,BOTTOM
10.623999999999274,1400,3687.1111111111113,3703.819120533143,2.0885956657978686,8.354382663191474,10.987200000000001,0.7603741320073789,0,0,0,BOTTOM
10.643999999999272,1400,3687.1111111111113,3701.2541357461614,2.0857038609156917,8.342815443662767,10.987200000000001,0.7593213415303959,0,0,0,BOTTOM
10.66399999999927,1400,3687.1111111111113,3699.0829229993587,2.083257566553361,8.333030266213443,10.987200000000001,0.7584307436119705,0,0,0,BOTTOM
10.683999999999267,1400,3687.1111111111113,3697.245031088341,2.081187944899401,8.324751779597603,10.987200000000001,0.7576772771586575,0,0,0,BOTTOM
10.703999999999265,1400,3687.1111111111113,3695.68928917334,2.079436851809218,8.317747407236872,10.987200000000001,0.7570397742133457,0,0,0,BOTTOM
10.723999999999263,1400,3687.1111111111113,3694.3723820736454,2.0779551594700836,8.311820637880334,10.987200000000001,0.7565003493046757,0,0,0,BOTTOM
10.74399999999926,1400,3687.1111111111113,3693.257644280375,2.076701346676674,8.306805386706696,10.987200000000001,0.7560438862227588,0,0,0,BOTTOM
10.763999999999259,1400,3687.1111111111113,3692.3140391103266,2.0756403127684897,8.302561251073959,10.987200000000001,0.7556576062212355,0,0,0,BOTTOM
10.783999999999256,1400,3687.1111111111113,3691.5152945783693,2.0747423788396717,8.298969515358687,10.987200000000001,0.7553307043977252,0,0,0,BOTTOM
10.803999999999254,1400,3687.1111111111113,3690.839171929211,2.0739824460002505,8.295929784001002,10.987200000000001,0.7550540432504188,0,0,0,BOTTOM
10.823999999999252,1400,3687.1111111111113,3690.2668464629123,2.073339285524382,8.293357142097529,10.987200000000001,0.7548198942494473,0,0,0,BOTTOM
10.84399999999925,1400,3687.1111111111113,3689.7823834150026,2.072794939883137,8.291179759532548,10.987200000000001,0.7546217197768811,0,0,0,BOTTOM
10.863999999999248,1400,3687.1111111111113,3689.372294298561,2.072334217097801,8.289336868391205,10.987200000000001,0.7544539890409935,0,0,0,BOTTOM
10.883999999999245,1400,3687.1111111111113,3689.025161355917,2.0719442636994816,8.287777054797926,10.987200000000001,0.754312022607937,0,0,0,BOTTOM
10.903999999999243,1400,3687.1111111111113,3688.731319663861,2.0716142039496197,8.286456815798479,10.987200000000001,0.7541918610563636,0,0,0,BOTTOM
10.923999999999241,1400,3687.1111111111113,3688.4825880415256,2.0713348349500427,8.28533933980017,10.987200000000001,0.7540901539791912,0,0,0,BOTTOM
10.943999999999239,1400,3687.1111111111113,3688.272041268816,2.071098368919829,8.284393475679316,10.987200000000001,0.7540040661569203,0,0,0,BOTTOM
10.963999999999237,1400,3687.1111111111113,3688.0938172734827,2.0708982152957756,8.283592861183102,10.987200000000001,0.7539311982291304,0,0,0,BOTTOM
10.983999999999234,1400,3687.1111111111113,3687.942953918496,2.0707287964695906,8.282915185878363,10.987200000000001,0.753869519611763,0,0,0,BOTTOM
11.003999999999232,1400,3687.1111111111113,3687.8152508455446,2.0705853919454515,8.282341567781806,10.987200000000001,0.7538173117611225,0,0,0,BOTTOM
11.02399999999923,1400,3687.1111111111113,3687.7071525280785,2.07046400651729,8.28185602606916,10.987200000000001,0.7537731201824995,0,0,0,BOTTOM
11.043999999999228,1400,3687.1111111111113,3687.6156492778514,2.0703612587513915,8.281445035005566,10.987200000000001,0.7537357138311458,0,0,0,BOTTOM
11.063999999999226,1400,3687.1111111111113,3687.538193448767,2.070274286637749,8.281097146550996,10.987200000000001,0.7537040507637064,0,0,0,BOTTOM
11.083999999999223,1400,3687.1111111111113,3687.4726285049605,2.070200667760638,8.280802671042553,10.987200000000001,0.7536772490755198,0,0,0,BOTTOM
11.103999999999221,1400,3687.1111111111113,3687.4171289782344,2.0701383517495215,8.280553406998086,10.987200000000001,0.7536545623086942,0,0,0,BOTTOM
11.123999999999219,1400,3687.1111111111113,3687.370149643121,2.07008560311793,8.28034241247172,10.987200000000001,0.7536353586420306,0,0,0,BOTTOM
11.143999999999217,1400,3687.1111111111113,3687.3303824945,2.0700409528904826,8.28016381156193,10.987200000000001,0.7536191032803562,0,0,0,BOTTOM
11.163999999999215,1400,3687.1111111111113,3687.296720329941,2.070003157665264,8.280012630661057,10.987200000000001,0.7536053435507732,0,0,0,BOTTOM
11.183999999999212,1400,3687.1111111111113,3687.268225922822,2.0699711649674795,8.279884659869918,10.987200000000001,0.7535936962893109,0,0,0,BOTTOM
11.20399999999921,1400,3687.1111111111113,3687.244105927934,2.0699440839266883,8.279776335706753,10.987200000000001,0.7535838371656793,0,0,0,BOTTOM
11.223999999999208,1400,3687.1111111111113,3687.2236887930567,2.0699211604590095,8.279684641836038,10.987200000000001,0.753575491648103,0,0,0,BOTTOM
11.243999999999206,1400,3687.1111111111113,3687.206406061509,2.069901756261748,8.279607025046992,10.987200000000001,0.7535684273561045,0,0,0,BOTTOM
11.263999999999204,1400,3687.1111111111113,3687.1917765450967,2.0698853310344596,8.279541324137838,10.987200000000001,0.7535624475879057,0,0,0,BOTTOM
11.283999999999201,1400,3687.1111111111113,3687.1793929268106,2.0698714274306624,8.27948570972265,10.987200000000001,0.7535573858419478,0,0,0,BOTTOM
11.3039999999992,1400,3687.1111111111113,3687.1689104202433,2.069859658320632,8.279438633282528,10.987200000000001,0.7535531011797844,0,0,0,BOTTOM
11.323999999999197,1400,3687.1111111111113,3687.160037170003,2.069849696010221,8.279398784040884,10.987200000000001,0.7535494743010852,0,0,0,BOTTOM
11.343999999999195,1400,3687.1111111111113,3687.1525261258344,2.0698412631152574,8.27936505246103,10.987200000000001,0.7535464042213693,0,0,0,BOTTOM
11.363999999999193,1400,3687.1111111111113,3687.146168164211,2.069834124837208,8.279336499348831,10.987200000000001,0.7535438054598833,0,0,0,BOTTOM
11.38399999999919,1400,3687.1111111111113,3687.140786265889,2.069828082424911,8.279312329699644,10.987200000000001,0.7535416056592802,0,0,0,BOTTOM
11.403999999999188,1400,3687.1111111111113,3687.136230587314,2.0698229676402202,8.279291870560881,10.987200000000001,0.7535397435707806,0,0,0,BOTTOM
11.423999999999186,1400,3687.1111111111113,3687.1323742886557,2.069818638073391,8.279274552293565,10.987200000000001,0.7535381673486934,0,0,0,BOTTOM
11.443999999999184,1400,3687.1111111111113,3687.129110002316,2.0698149731777327,8.27925989271093,10.987200000000001,0.7535368331067905,0,0,0,BOTTOM
11.463999999999182,1400,3687.1111111111113,3687.126346843584,2.0698118709130693,8.279247483652277,10.987200000000001,0.7535357036963263,0,0,0,BOTTOM
11.48399999999918,1400,3687.1111111111113,3687.1240078802152,2.0698092449045435,8.279236979618174,10.987200000000001,0.7535347476716701,0,0,0,BOTTOM
11.503999999999177,1400,3687.1111111111113,3687.122027990468,2.069807022037619,8.279228088150475,10.987200000000001,0.7535339384147439,0,0,0,BOTTOM
11.523999999999175,1400,3687.1111111111113,3687.1203520499794,2.0698051404223228,8.279220561689291,10.987200000000001,0.7535332533938847,0,0,0,BOTTOM
11.543999999999173,1400,3687.1111111111113,3687.118933396984,2.06980354767003,8.27921419068012,10.987200000000001,0.7535326735364897,0,0,0,BOTTOM
11.56399999999917,1400,3687.1111111111113,3687.1177325331487,2.0698021994348,8.2792087977392,10.987200000000001,0.7535321826979757,0,0,0,BOTTOM
11.583999999999168,1400,3687.1111111111113,3687.1167160238588,2.0698010581786606,8.279204232714642,10.987200000000001,0.7535317672122689,0,0,0,BOTTOM
11.603999999999166,1400,3687.1111111111113,3687.1158555673214,2.069800092126441,8.279200368505764,10.987200000000001,0.7535314155113007,0,0,0,BOTTOM
11.623999999999164,1400,3687.1111111111113,3687.115127206588,2.0697992743810683,8.279197097524273,10.987200000000001,0.7535311178029227,0,0,0,BOTTOM
11.643999999999162,1400,3687.1111111111113,3687.1145106625377,2.0697985821746814,8.279194328698726,10.987200000000001,0.7535308657982674,0,0,0,BOTTOM
11.66399999999916,1400,3687.1111111111113,3687.113988769267,2.069797996234715,8.27919198493886,10.987200000000001,0.7535306524809651,0,0,0,BOTTOM
11.683999999999157,1400,3687.1111111111113,3687.1135469961505,2.0697975002473066,8.279190000989226,10.987200000000001,0.7535304719117906,0,0,0,BOTTOM
11.703999999999155,1400,3687.1111111111113,3687.113173043281,2.069797080403076,8.279188321612304,10.987200000000001,0.7535303190633013,0,0,0,BOTTOM
11.723999999999153,1400,3687.1111111111113,3687.1128564990104,2.06979672501264,8.27918690005056,10.987200000000001,0.7535301896798601,0,0,0,BOTTOM
11.74399999999915,1400,3687.1111111111113,3687.1125885500715,2.0697964241811553,8.279185696724621,10.987200000000001,0.7535300801591507,0,0,0,BOTTOM
11.763999999999148,1400,3687.1111111111113,3687.11236173619,2.069796169532818,8.279184678131273,10.987200000000001,0.7535299874518778,0,0,0,BOTTOM
11.783999999999146,1400,3687.1111111111113,3687.112169742385,2.0697959539776667,8.279183815910667,10.987200000000001,0.75352990897687,0,0,0,BOTTOM
11.803999999999144,1400,3687.1111111111113,3687.1120072231383,2.0697957715141793,8.279183086056717,10.987200000000001,0.7535298425492133,0,0,0,BOTTOM
11.823999999999142,1400,3687.1111111111113,3687.1118696535655,2.069795617062178,8.279182468248711,10.987200000000001,0.753529786319418,0,0,0,BOTTOM
11.84399999999914,1400,3687.1111111111113,3687.1117532034364,2.0697954863213854,8.279181945285542,10.987200000000001,0.7535297387219255,0,0,0,BOTTOM
11.863999999999137,1400,3687.1111111111113,3687.1116546305298,2.0697953756516974,8.27918150260679,10.987200000000001,0.7535296984315193,0,0,0,BOTTOM
11.883999999999135,1400,3687.1111111111113,3687.1115711903667,2.0697952819718317,8.279181127887327,10.987200000000001,0.7535296643264277,0,0,0,BOTTOM
11.903999999999133,1400,3687.1111111111113,3687.111500559793,2.069795202673539,8.279180810694156,10.987200000000001,0.7535296354570914,0,0,0,BOTTOM
11.92399999999913,1400,3687.1111111111113,3687.111440772303,2.0697951355489845,8.279180542195938,10.987200000000001,0.7535296110197264,0,0,0,BOTTOM
11.943999999999129,1400,3687.1111111111113,3687.1113901632853,2.0697950787292765,8.279180314917106,10.987200000000001,0.7535295903339436,0,0,0,BOTTOM
11.963999999999126,1400,3687.1111111111113,3687.1113473236765,2.0697950306324318,8.279180122529727,10.987200000000001,0.7535295728238064,0,0,0,BOTTOM
11.983999999999124,1400,3687.1111111111113,3687.1113110607307,2.069794989919333,8.279179959677332,10.987200000000001,0.7535295580017959,0,0,0,BOTTOM
12.003999999999122,1200,2172.7619047619046,3637.4650081487034,2.0144313984853803,8.057725593941521,10.987200000000001,0.7333738890655963,0,0,0,BOTTOM
12.02399999999912,1200,2172.7619047619046,3412.6063141693976,1.7730754382089584,7.092301752835834,10.987200000000001,0.6455058388703067,0,0,0,BOTTOM
12.043999999999118,1200,2172.7619047619046,3222.2675390331437,1.5808040003345865,6.323216001338346,10.987200000000001,0.5755074997577495,0,0,0,BOTTOM
12.063999999999115,1200,2172.7619047619046,3061.1492443422417,1.426671026401493,5.706684105605972,10.987200000000001,0.5193938497165766,0,0,0,BOTTOM
12.083999999999113,1200,2172.7619047619046,2924.765552340852,1.302377701007012,5.209510804028048,10.987200000000001,0.47414362203546373,0,0,0,BOTTOM
12.103999999999111,1200,2172.7619047619046,2809.3192494885666,1.2015919875573289,4.8063679502293155,10.987200000000001,0.4374515754905085,0,0,0,BOTTOM
12.123999999999109,1200,2172.7619047619046,2711.596063917918,1.1194503162962852,4.477801265185141,10.987200000000001,0.4075470788904489,0,0,0,BOTTOM
12.143999999999107,1200,2172.7619047619046,2628.8751732342707,1.0521914386286875,4.20876575451475,10.987200000000001,0.3830608120826734,0,0,0,BOTTOM
12.163999999999104,1200,2172.7619047619046,2558.8534510038885,0.9968863781433854,3.9875455125735417,10.987200000000001,0.36292645192346923,0,0,0,BOTTOM
12.183999999999102,1200,2172.7619047619046,2499.5813427905027,0.9512384191209702,3.8049536764838807,10.987200000000001,0.34630785609471754,0,0,0,BOTTOM
12.2039999999991,1200,2172.7619047619046,2449.4085863921337,0.9134342789481884,3.6537371157927536,10.987200000000001,0.33254488093351836,0,0,0,BOTTOM
12.223999999999098,1200,2172.7619047619046,2406.9382650135253,0.8820328017640072,3.528131207056029,10.987200000000001,0.32111285924130156,0,0,0,BOTTOM
12.243999999999096,1200,2172.7619047619046,2370.987914116302,0.8558812536711601,3.4235250146846403,10.987200000000001,0.3115921267187855,0,0,0,BOTTOM
12.263999999999093,1200,2172.7619047619046,2340.556599078398,0.8340520017769386,3.3362080071077544,10.987200000000001,0.3036449693377525,0,0,0,BOTTOM
12.283999999999091,1200,2172.7619047619046,2314.7970470344235,0.8157943122290957,3.263177248916383,10.987200000000001,0.29699807493413993,0,0,0,BOTTOM
12.303999999999089,1200,2172.7619047619046,2292.99205698783,0.8004974160207903,3.201989664083161,10.987200000000001,0.29142908694509617,0,0,0,BOTTOM
12.323999999999087,1200,2172.7619047619046,2274.5345314019673,0.7876620163313445,3.150648065325378,10.987200000000001,0.2867562313715394,0,0,0,BOTTOM
12.343999999999085,1200,2172.7619047619046,2258.9105733068336,0.7768781558501243,3.1075126234004973,10.987200000000001,0.2828302591561542,0,0,0,BOTTOM
12.363999999999082,1200,2172.7619047619046,2245.685178308846,0.7678079047866626,3.0712316191466504,10.987200000000001,0.27952814358040723,0,0,0,BOTTOM
12.38399999999908,1200,2172.7619047619046,2234.4901231385898,0.7601717261514604,3.040686904605842,10.987200000000001,0.2767481164087157,0,0,0,BOTTOM
12.403999999999078,1200,2172.7619047619046,2225.0137135278255,0.7537376647647852,3.014950659059141,10.987200000000001,0.2744057320390218,0,0,0,BOTTOM
12.423999999999076,1200,2172.7619047619046,2216.9921059747358,0.7483127194117265,2.993250877646906,10.987200000000001,0.2724307264495873,0,0,0,BOTTOM
12.443999999999074,1200,2172.7619047619046,2210.201961776801,0.7437359146057054,2.9749436584228217,10.987200000000001,0.27076449490523713,0,0,0,BOTTOM
12.463999999999071,1200,2172.7619047619046,2204.4542288038765,0.7398727047170137,2.959490818868055,10.987200000000001,0.26935805472441154,0,0,0,BOTTOM
12.48399999999907,1200,2172.7619047619046,2199.5888778827452,0.736610429740626,2.946441718962504,10.987200000000001,0.26817039090600914,0,0,0,BOTTOM
12.503999999999067,1200,2172.7619047619046,2195.470447242828,0.7338546066696588,2.9354184266786354,10.987200000000001,0.26716710596681914,0,0,0,BOTTOM
12.523999999999065,1200,2172.7619047619046,2191.9842709709087,0.7315258890798966,2.9261035563195863,10.987200000000001,0.2663193130478726,0,0,0,BOTTOM
12.543999999999063,1200,2172.7619047619046,2189.0332864669817,0.7295575643164675,2.91823025726587,10.987200000000001,0.26560272474023133,0,0,0,BOTTOM
12.56399999999906,1200,2172.7619047619046,2186.5353320139716,0.7278934856692033,2.9115739426768132,10.987200000000001,0.2649969002727549,0,0,0,BOTTOM
12.583999999999058,1200,2172.7619047619046,2184.4208592198897,0.726486358368783,2.905945433475132,10.987200000000001,0.26448462151186214,0,0,0,BOTTOM
12.603999999999056,1200,2172.7619047619046,2182.630996641921,0.7252963147754069,2.9011852591016276,10.987200000000001,0.26405137424472364,0,0,0,BOTTOM
12.623999999999054,1200,2172.7619047619046,2181.115910679605,0.7242897269760129,2.8971589079040516,10.987200000000001,0.2636849158934079,0,0,0,BOTTOM
12.643999999999052,1200,2172.7619047619046,2179.833418100866,0.7234382150499977,2.893752860199991,10.987200000000001,0.2633749144641028,0,0,0,BOTTOM
12.66399999999905,1200,2172.7619047619046,2178.747811570655,0.7227178171718077,2.890871268687231,10.987200000000001,0.26311264641466714,0,0,0,BOTTOM
12.683999999999047,1200,2172.7619047619046,2177.8288654824105,0.7221082939877154,2.8884331759508615,10.987200000000001,0.2628907434060417,0,0,0,BOTTOM
12.703999999999045,1200,2172.7619047619046,2177.0509944125515,0.7215925447058752,2.8863701788235008,10.987200000000001,0.26270297972399703,0,0,0,BOTTOM
12.723999999999043,1200,2172.7619047619046,2176.3925407675947,0.721156116354285,2.88462446541714,10.987200000000001,0.2625440936195882,0,0,0,BOTTOM
12.74399999999904,1200,2172.7619047619046,2175.835171790451,0.7207867909038644,2.8831471636154578,10.987200000000001,0.2624096369971838,0,0,0,BOTTOM
12.763999999999038,1200,2172.7619047619046,2175.3633691372784,0.7204742375865354,2.8818969503461416,10.987200000000001,0.26229584883738727,0,0,0,BOTTOM
12.783999999999036,1200,2172.7619047619046,2174.963996813612,0.7202097198863651,2.8808388795454603,10.987200000000001,0.26219954852423366,0,0,0,BOTTOM
12.803999999999034,1200,2172.7619047619046,2174.6259354402023,0.7199858484426425,2.87994339377057,10.987200000000001,0.26211804588708404,0,0,0,BOTTOM
12.823999999999032,1200,2172.7619047619046,2174.339772665719,0.7197963725530261,2.8791854902121043,10.987200000000001,0.2620490652952621,0,0,0,BOTTOM
12.84399999999903,1200,2172.7619047619046,2174.097541106775,0.7196360041621008,2.8785440166484033,10.987200000000001,0.2619906815793289,0,0,0,BOTTOM
12.863999999999027,1200,2172.7619047619046,2173.892496518937,0.7195002692129372,2.8780010768517488,10.987200000000001,0.26194126591413175,0,0,0,BOTTOM
12.883999999999025,1200,2172.7619047619046,2173.718930022545,0.7193853820639713,2.877541528255885,10.987200000000001,0.26189944009901384,0,0,0,BOTTOM
12.903999999999023,1200,2172.7619047619046,2173.5720091552953,0.7192881393607924,2.8771525574431696,10.987200000000001,0.2618640379207777,0,0,0,BOTTOM
12.92399999999902,1200,2172.7619047619046,2173.447643326163,0.7192058303263749,2.8768233213054994,10.987200000000001,0.2618340724939474,0,0,0,BOTTOM
12.943999999999019,1200,2172.7619047619046,2173.3423699246023,0.719136160913555,2.87654464365422,10.987200000000001,0.26180870864771916,0,0,0,BOTTOM
12.963999999999016,1200,2172.7619047619046,2173.253257914064,0.7190771896660902,2.876308758664361,10.987200000000001,0.26178723957553884,0,0,0,BOTTOM
12.983999999999014,1200,2172.7619047619046,2173.177826225675,0.7190272734725043,2.876109093890017,10.987200000000001,0.26176906708624736,0,0,0,BOTTOM
13.003999999999012,1200,2172.7619047619046,2173.1139746799754,0.7189850216808779,2.8759400867235114,10.987200000000001,0.2617536848991109,0,0,0,BOTTOM
13.02399999999901,1200,2172.7619047619046,2173.0599255134357,0.7189492572816198,2.8757970291264794,10.987200000000001,0.26174066451202116,0,0,0,BOTTOM
13.043999999999007,1200,2172.7619047619046,2173.0141738817133,0.7189189840664232,2.8756759362656927,10.987200000000001,0.26172964324538484,0,0,0,BOTTOM
13.063999999999005,1200,2172.7619047619046,2172.975445961577,0.7188933588411219,2.8755734353644877,10.987200000000001,0.2617203141259363,0,0,0,BOTTOM
13.083999999999003,1200,2172.7619047619046,2172.9426634849387,0.7188716679131241,2.8754866716524963,10.987200000000001,0.2617124173267526,0,0,0,BOTTOM
13.103999999999001,1200,2172.7619047619046,2172.9149137175673,0.718853307194719,2.875413228778876,10.987200000000001,0.2617057329236635,0,0,0,BOTTOM
13.123999999998999,1200,2172.7619047619046,2172.8914240466174,0.71883776536538,2.87535106146152,10.987200000000001,0.26170007476531965,0,0,0,BOTTOM
13.143999999998996,1200,2172.7619047619046,2172.871540469435,0.7188246096221754,2.8752984384887017,10.987200000000001,0.26169528528548686,0,0,0,BOTTOM
13.163999999998994,1200,2172.7619047619046,2172.8547093847246,0.7188134736200571,2.8752538944802284,10.987200000000001,0.26169123111258813,0,0,0,BOTTOM
13.183999999998992,1200,2172.7619047619046,2172.8404621791074,0.7188040472651885,2.875216189060754,10.987200000000001,0.2616877993538621,0,0,0,BOTTOM
13.20399999999899,1200,2172.7619047619046,2172.828402179921,0.7187960680763631,2.8751842723054524,10.987200000000001,0.26168489445040155,0,0,0,BOTTOM
13.223999999998988,1200,2172.7619047619046,2172.818193611008,0.7187893138734538,2.875157255493815,10.987200000000001,0.26168243551531006,0,0,0,BOTTOM
13.243999999998985,1200,2172.7619047619046,2172.8095522439858,0.7187835965889247,2.8751343863556986,10.987200000000001,0.26168035408072104,0,0,0,BOTTOM
13.263999999998983,1200,2172.7619047619046,2172.8022374847233,0.7187787570298245,2.875115028119298,10.987200000000001,0.26167859219084916,0,0,0,BOTTOM
13.283999999998981,1200,2172.7619047619046,2172.7960456746855,0.7187746604442221,2.8750986417768885,10.987200000000001,0.2616771007879067,0,0,0,BOTTOM
13.303999999998979,1200,2172.7619047619046,2172.7908044206447,0.7187711927684987,2.8750847710739946,10.987200000000001,0.26167583834589286,0,0,0,BOTTOM
13.323999999998977,1200,2172.7619047619046,2172.7863677948835,0.7187682574509081,2.8750730298036324,10.987200000000001,0.2616747697141794,0,0,0,BOTTOM
13.343999999998974,1200,2172.7619047619046,2172.7826122722563,0.718765772762895,2.87506309105158,10.987200000000001,0.2616738651386686,0,0,0,BOTTOM
13.363999999998972,1200,2172.7619047619046,2172.7794332909853,0.7187636695232562,2.875054678093025,10.987200000000001,0.26167309943325184,0,0,0,BOTTOM
13.38399999999897,1200,2172.7619047619046,2172.7767423414357,0.7187618891717439,2.8750475566869755,10.987200000000001,0.26167245127848543,0,0,0,BOTTOM
13.403999999998968,1200,2172.7619047619046,2172.7744645018192,0.7187603821384478,2.8750415285537914,10.987200000000001,0.26167190262794804,0,0,0,BOTTOM
13.423999999998966,1200,2172.7619047619046,2172.7725363522122,0.7187591064635387,2.8750364258541548,10.987200000000001,0.26167143820574434,0,0,0,BOTTOM
13.443999999998963,1200,2172.7619047619046,2172.7709042088063,0.7187580266289259,2.8750321065157034,10.987200000000001,0.26167104508115835,0,0,0,BOTTOM
13.463999999998961,1200,2172.7619047619046,2172.7695226292412,0.7187571125692942,2.875028450277177,10.987200000000001,0.2616707123086115,0,0,0,BOTTOM
13.483999999998959,1200,2172.7619047619046,2172.7683531473876,0.7187563388349747,2.875025355339899,10.987200000000001,0.2616704306228974,0,0,0,BOTTOM
13.503999999998957,1200,2172.7619047619046,2172.767363202371,0.7187556838833389,2.8750227355333555,10.987200000000001,0.2616701921812068,0,0,0,BOTTOM
13.523999999998955,1200,2172.7619047619046,2172.7665252320057,0.7187551294789815,2.875020517915926,10.987200000000001,0.261669990344758,0,0,0,BOTTOM
13.543999999998952,1200,2172.7619047619046,2172.7658159054054,0.7187546601859918,2.875018640743967,10.987200000000001,0.26166981949395357,0,0,0,BOTTOM
13.56399999999895,1200,2172.7619047619046,2172.7652154734014,0.7187542629381725,2.87501705175269,10.987200000000001,0.2616696748719136,0,0,0,BOTTOM
13.583999999998948,1200,2172.7619047619046,2172.764707218683,0.7187539266752385,2.875015706700954,10.987200000000001,0.2616695524520309,0,0,0,BOTTOM
13.603999999998946,1200,2172.7619047619046,2172.7642769903523,0.718753642034872,2.875014568139488,10.987200000000001,0.2616694488258599,0,0,0,BOTTOM
13.623999999998944,1200,2172.7619047619046,2172.763912809933,0.7187534010920477,2.8750136043681906,10.987200000000001,0.2616693611082159,0,0,0,BOTTOM
13.643999999998941,1200,2172.7619047619046,2172.7636045378636,0.7187531971383814,2.8750127885535255,10.987200000000001,0.2616692868568448,0,0,0,BOTTOM
13.66399999999894,1200,2172.7619047619046,2172.7633435911903,0.7187530244953529,2.8750120979814118,10.987200000000001,0.2616692240044244,0,0,0,BOTTOM
13.683999999998937,1200,2172.7619047619046,2172.7631227046,0.7187528783562005,2.875011513424802,10.987200000000001,0.26166917080100494,0,0,0,BOTTOM
13.703999999998935,1200,2172.7619047619046,2172.762935728138,0.7187527546520903,2.8750110186083613,10.987200000000001,0.26166912576528695,0,0,0,BOTTOM
13.723999999998933,1200,2172.7619047619046,2172.76277745598,0.7187526499388303,2.875010599755321,10.987200000000001,0.2616690876433778,0,0,0,BOTTOM
13.74399999999893,1200,2172.7619047619046,2172.7626434814906,0.718752561300975,2.8750102452039,10.987200000000001,0.26166905537388047,0,0,0,BOTTOM
13.763999999998928,1200,2172.7619047619046,2172.7625300745344,0.7187524862706548,2.875009945082619,10.987200000000001,0.2616690280583423,0,0,0,BOTTOM
13.783999999998926,1200,2172.7619047619046,2172.762434077618,0.7187524227588629,2.8750096910354515,10.987200000000001,0.26166900493623957,0,0,0,BOTTOM
13.803999999998924,1200,2172.7619047619046,2172.7623528179824,0.718752368997294,2.875009475989176,10.987200000000001,0.26166898536380295,0,0,0,BOTTOM
13.823999999998922,1200,2172.7619047619046,2172.762284033186,0.7187523234891099,2.8750092939564396,10.987200000000001,0.2616689687960936,0,0,0,BOTTOM
13.84399999999892,1200,2172.7619047619046,2172.7622258081133,0.7187522849672652,2.8750091398690607,10.987200000000001,0.2616689547718309,0,0,0,BOTTOM
13.863999999998917,1200,2172.7619047619046,2172.762176521653,0.7187522523592281,2.8750090094369125,10.987200000000001,0.26166894290054904,0,0,0,BOTTOM
13.883999999998915,1200,2172.7619047619046,2172.7621348015655,0.7187522247571213,2.875008899028485,10.987200000000001,0.2616689328517261,0,0,0,BOTTOM
13.903999999998913,1200,2172.7619047619046,2172.762099486273,0.7187522013924428,2.875008805569771,10.987200000000001,0.2616689243455813,0,0,0,BOTTOM
13.92399999999891,1200,2172.7619047619046,2172.7620695925243,0.7187521816146697,2.8750087264586788,10.987200000000001,0.2616689171452853,0,0,0,BOTTOM
13.943999999998908,1200,2172.7619047619046,2172.7620442880116,0.7187521648731462,2.8750086594925848,10.987200000000001,0.26166891105036627,0,0,0,BOTTOM
13.963999999998906,1200,2172.7619047619046,2172.762022868204,0.7187521507017529,2.8750086028070116,10.987200000000001,0.2616689058911289,0,0,0,BOTTOM
13.983999999998904,1200,2172.7619047619046,2172.762004736729,0.7187521387059276,2.8750085548237103,10.987200000000001,0.26166890152392874,0,0,0,BOTTOM
14.003999999998902,1000,658.4126984126983,2123.11571717266,0.6862812987344132,2.745125194937653,10.987200000000001,0.2498475676184699,0,0,0,BOTTOM
14.0239999999989,1000,658.4126984126983,1898.25703618512,0.5486114536981243,2.194445814792497,10.987200000000001,0.19972748423551923,0,0,0,BOTTOM
14.043999999998897,1000,658.4126984126983,1707.918272046159,0.44410841610907287,1.7764336644362915,10.987200000000001,0.16168210867521218,0,0,0,BOTTOM
14.063999999998895,1000,658.4126984126983,1546.7999866642635,0.3642697880441553,1.457079152176621,10.987200000000001,0.1326160579744267,0,0,0,BOTTOM
14.083999999998893,1000,658.4126984126983,1410.4163025427783,0.3028652679759566,1.2114610719038263,10.987200000000001,0.11026112857723772,0,0,0,BOTTOM
14.10399999999889,1000,658.4126984126983,1294.970006360687,0.2553137784236924,1.0212551136947696,10.987200000000001,0.09294953342933318,0,0,0,BOTTOM
14.123999999998889,1000,658.4126984126983,1197.2468264362374,0.21823390446405624,0.872935617856225,10.987200000000001,0.07945023462358243,0,0,0,BOTTOM
14.143999999998886,1000,658.4126984126983,1114.5259405319937,0.1891190144402211,0.7564760577608844,10.987200000000001,0.06885066784630155,0,0,0,BOTTOM
14.163999999998884,1000,658.4126984126983,1044.5042223472897,0.1661021422216537,0.6644085688866148,10.987200000000001,0.06047114541344607,0,0,0,BOTTOM
14.183999999998882,1000,658.4126984126983,985.232117558497,0.14778554436203184,0.5911421774481274,10.987200000000001,0.053802804850018864,0,0,0,BOTTOM
14.20399999999888,1000,658.4126984126983,935.0593640589827,0.1331169018333326,0.5324676073333304,10.987200000000001,0.04846253889374275,0,0,0,BOTTOM
14.223999999998878,1000,658.4126984126983,892.5890451342019,0.1212992005318955,0.485196802127582,10.987200000000001,0.04416018659236037,0,0,0,BOTTOM
14.243999999998875,1000,658.4126984126983,856.638696314099,0.11172496077854549,0.44689984311418196,10.987200000000001,0.04067458889564055,0,0,0,BOTTOM
14.263999999998873,1000,658.4126984126983,826.2073830344391,0.10392809740604542,0.41571238962418167,10.987200000000001,0.03783606283895639,0,0,0,BOTTOM
14.283999999998871,1000,658.4126984126983,800.4478324787862,0.0975485682729392,0.3901942730917568,10.987200000000001,0.03551353148133799,0,0,0,BOTTOM
14.303999999998869,1000,658.4126984126983,778.6428436920299,0.09230631776278092,0.3692252710511237,10.987200000000001,0.033605037775877714,0,0,0,BOTTOM
14.323999999998867,1000,658.4126984126983,760.185319172596,0.0879819918939925,0.35192796757597,10.987200000000001,0.03203072371268111,0,0,0,BOTTOM
14.343999999998864,1000,658.4126984126983,744.5613619801749,0.08440259985178548,0.33761039940714194,10.987200000000001,0.030727610256220138,0,0,0,BOTTOM
14.363999999998862,1000,658.4126984126983,731.335967746317,0.08143079965278703,0.3257231986111481,10.987200000000001,0.02964569668442807,0,0,0,BOTTOM
14.38399999999886,1000,658.4126984126983,720.1409132228829,0.07895684821968671,0.31582739287874684,10.987200000000001,0.0287450299328989,0,0,0,BOTTOM
14.403999999998858,1000,658.4126984126983,710.6645041596415,0.07689251781587768,0.3075700712635107,10.987200000000001,0.027993489812100505,0,0,0,BOTTOM
14.423999999998856,1000,658.4126984126983,702.6428970700202,0.07516646988003406,0.30066587952013624,10.987200000000001,0.02736510480560436,0,0,0,BOTTOM
14.443999999998853,1000,658.4126984126983,695.8527532644026,0.07372071413816117,0.2948828565526447,10.987200000000001,0.02683876297442885,0,0,0,BOTTOM
14.463999999998851,1000,658.4126984126983,690.1050206235682,0.07250788006073924,0.290031520242957,10.987200000000001,0.026397218603734975,0,0,0,BOTTOM
14.483999999998849,1000,658.4126984126983,685.2396699835447,0.07148909977177481,0.28595639908709924,10.987200000000001,0.026026321454701764,0,0,0,BOTTOM
14.503999999998847,1000,658.4126984126983,681.1212395815797,0.07063235395294984,0.28252941581179936,10.987200000000001,0.0257144145743956,0,0,0,BOTTOM
14.523999999998845,1000,658.4126984126983,677.6350635110826,0.06991117055081467,0.27964468220325867,10.987200000000001,0.0254518605471147,0,0,0,BOTTOM
14.543999999998842,1000,658.4126984126983,674.6840791776559,0.06930359409901476,0.27721437639605906,10.987200000000001,0.025230666265841983,0,0,0,BOTTOM
14.56399999999884,1000,658.4126984126983,672.1861248689717,0.06879136402948113,0.27516545611792453,10.987200000000001,0.02504418378821943,0,0,0,BOTTOM
14.583999999998838,1000,658.4126984126983,670.0716521970587,0.06835925549977931,0.27343702199911724,10.987200000000001,0.02488687035815469,0,0,0,BOTTOM
14.603999999998836,1000,658.4126984126983,668.2817897225035,0.06799454747711886,0.27197818990847544,10.987200000000001,0.02475409475648713,0,0,0,BOTTOM
14.623999999998833,1000,658.4126984126983,666.7667038477254,0.06768659115514966,0.27074636462059865,10.987200000000001,0.02464198017880794,0,0,0,BOTTOM
14.643999999998831,1000,658.4126984126983,665.4842113430855,0.06742645800714482,0.2697058320285793,10.987200000000001,0.024547276105702932,0,0,0,BOTTOM
14.663999999998829,1000,658.4126984126983,664.3986048755988,0.06720665145698357,0.2688266058279343,10.987200000000001,0.02446725333369141,0,0,0,BOTTOM
14.683999999998827,1000,658.4126984126983,663.4796588404481,0.06702086968367353,0.2680834787346941,10.987200000000001,0.02439961762184124,0,0,0,BOTTOM
14.703999999998825,1000,658.4126984126983,662.7017878155325,0.06686380976211674,0.26745523904846696,10.987200000000001,0.02434243838725671,0,0,0,BOTTOM
14.723999999998822,1000,658.4126984126983,662.0433342086195,0.06673100539890277,0.26692402159561107,10.987200000000001,0.02429408963117182,0,0,0,BOTTOM
14.74399999999882,1000,658.4126984126983,661.4859652636793,0.06661869210586903,0.2664747684234761,10.987200000000001,0.02425320085403707,0,0,0,BOTTOM
14.763999999998818,1000,658.4126984126983,661.0141626377659,0.06652369488283427,0.2660947795313371,10.987200000000001,0.024218616165295713,0,0,0,BOTTOM
14.783999999998816,1000,658.4126984126983,660.6147903371749,0.06644333444061626,0.26577333776246503,10.987200000000001,0.02418936014293587,0,0,0,BOTTOM
14.803999999998814,1000,658.4126984126983,660.276728983297,0.06637534875025197,0.2655013950010079,10.987200000000001,0.024164609272699856,0,0,0,BOTTOM
14.823999999998811,1000,658.4126984126983,659.9905662253476,0.06631782730202081,0.26527130920808323,10.987200000000001,0.024143668014424347,0,0,0,BOTTOM
14.84399999999881,1000,658.4126984126983,659.7483346803989,0.06626915593424437,0.2650766237369775,10.987200000000001,0.024125948716413412,0,0,0,BOTTOM
14.863999999998807,1000,658.4126984126983,659.543290104408,0.06622797047389925,0.264911881895597,10.987200000000001,0.02411095473784012,0,0,0,BOTTOM
14.883999999998805,1000,658.4126984126983,659.3697236180436,0.06619311773931473,0.2647724709572589,10.987200000000001,0.02409826625138879,0,0,0,BOTTOM
14.903999999998803,1000,658.4126984126983,659.2228027592828,0.06616362270527124,0.26465449082108494,10.987200000000001,0.02408752828938082,0,0,0,BOTTOM
14.9239999999988,1000,658.4126984126983,659.0984369373364,0.06613866083468015,0.2645546433387206,10.987200000000001,0.024078440670846125,0,0,0,BOTTOM
14.943999999998798,1000,658.4126984126983,658.9931635418579,0.06611753474801335,0.2644701389920534,10.987200000000001,0.024070749507795742,0,0,0,BOTTOM
14.963999999998796,1000,658.4126984126983,658.9040515364684,0.0660996545390021,0.2643986181560084,10.987200000000001,0.02406424003895518,0,0,0,BOTTOM
14.983999999998794,1000,658.4126984126983,658.8286198524377,0.06608452115852381,0.26433808463409525,10.987200000000001,0.02405873058050233,0,0,0,BOTTOM
15.003999999998792,1000,658.4126984126983,658.7647683104278,0.06607171238253297,0.2642868495301319,10.987200000000001,0.02405406741755241,0,0,0,BOTTOM
15.02399999999879,1000,658.4126984126983,658.7107191470104,0.06606087095793617,0.2642434838317447,10.987200000000001,0.024050120488545275,0,0,0,BOTTOM
15.043999999998787,1000,658.4126984126983,658.6649675179322,0.06605169458532022,0.26420677834128087,10.987200000000001,0.02404677973835744,0,0,0,BOTTOM
15.063999999998785,1000,658.4126984126983,658.6262396000334,0.06604392745171606,0.2641757098068642,10.987200000000001,0.02404395203572013,0,0,0,BOTTOM
15.083999999998783,1000,658.4126984126983,658.5934571252889,0.06603735307198114,0.26414941228792455,10.987200000000001,0.024041558567052982,0,0,0,BOTTOM
15.10399999999878,1000,658.4126984126983,658.565707359521,0.06603178823542433,0.2641271529416973,10.987200000000001,0.024039532632672316,0,0,0,BOTTOM
15.123999999998778,1000,658.4126984126983,658.5422176899283,0.06602707788622367,0.26410831154489467,10.987200000000001,0.024037817782956043,0,0,0,BOTTOM
15.143999999998776,1000,658.4126984126983,658.5223341138947,0.06602309079300941,0.26409236317203766,10.987200000000001,0.024036366241812074,0,0,0,BOTTOM
15.163999999998774,1000,658.4126984126983,658.5055030301565,0.06601971588555011,0.26407886354220045,10.987200000000001,0.02403513757301227,0,0,0,BOTTOM
15.183999999998772,1000,658.4126984126983,658.4912558253621,0.06601685915547528,0.26406743662190113,10.987200000000001,0.024034097551869547,0,0,0,BOTTOM
15.20399999999877,1000,658.4126984126983,658.479195826873,0.06601444103397729,0.26405776413590915,10.987200000000001,0.02403321721056403,0,0,0,BOTTOM
15.223999999998767,1000,658.4126984126983,658.4689872585495,0.06601239417293148,0.2640495766917259,10.987200000000001,0.024032472030337655,0,0,0,BOTTOM
15.243999999998765,1000,658.4126984126983,658.4603458920267,0.06601066156726258,0.26404264626905033,10.987200000000001,0.024031841257922883,0,0,0,BOTTOM
15.263999999998763,1000,658.4126984126983,658.4530311331866,0.06600919496599716,0.26403677986398866,10.987200000000001,0.024031307327070466,0,0,0,BOTTOM
15.28399999999876,1000,658.4126984126983,658.4468393235069,0.06600795352756092,0.2640318141102437,10.987200000000001,0.024030855368996983,0,0,0,BOTTOM
15.303999999998759,1000,658.4126984126983,658.4415980697688,0.06600690268173538,0.26402761072694153,10.987200000000001,0.0240304727980688,0,0,0,BOTTOM
15.323999999998756,1000,658.4126984126983,658.4371614442642,0.06600601316648555,0.2640240526659422,10.987200000000001,0.024030148961149536,0,0,0,BOTTOM
15.343999999998754,1000,658.4126984126983,658.4334059218542,0.06600526021276659,0.26402104085106637,10.987200000000001,0.024029874840820805,0,0,0,BOTTOM
15.363999999998752,1000,658.4126984126983,658.4302269407667,0.06600462285456007,0.2640184914182403,10.987200000000001,0.024029642804193996,0,0,0,BOTTOM
15.38399999999875,1000,658.4126984126983,658.4275359913725,0.06600408334489094,0.26401633337956376,10.987200000000001,0.024029446390305423,0,0,0,BOTTOM
15.403999999998748,1000,658.4126984126983,658.4252581518875,0.06600362666153879,0.26401450664615517,10.987200000000001,0.02402928013016557,0,0,0,BOTTOM
15.423999999998745,1000,658.4126984126983,658.4233300023914,0.06600324008866186,0.26401296035464744,10.987200000000001,0.024029139394445117,0,0,0,BOTTOM
15.443999999998743,1000,658.4126984126983,658.42169785908,0.06600291286267088,0.2640116514506835,10.987200000000001,0.024029020264551795,0,0,0,BOTTOM
15.463999999998741,1000,658.4126984126983,658.4203162795947,0.06600263587248353,0.26401054348993414,10.987200000000001,0.024028919423504998,0,0,0,BOTTOM
15.483999999998739,1000,658.4126984126983,658.4191467978087,0.0660024014058062,0.2640096056232248,10.987200000000001,0.02402883406356713,0,0,0,BOTTOM
15.503999999998737,1000,658.4126984126983,658.4181568528492,0.06600220293437419,0.26400881173749674,10.987200000000001,0.024028761808058168,0,0,0,BOTTOM
15.523999999998734,1000,658.4126984126983,658.4173188825325,0.06600203493216729,0.26400813972866916,10.987200000000001,0.024028700645175215,0,0,0,BOTTOM
15.543999999998732,1000,658.4126984126983,658.4166095559732,0.0660018927215365,0.264007570886146,10.987200000000001,0.024028648871973386,0,0,0,BOTTOM
15.56399999999873,1000,658.4126984126983,658.4160091240041,0.0660017723429562,0.2640070893718248,10.987200000000001,0.024028605046947794,0,0,0,BOTTOM
15.583999999998728,1000,658.4126984126983,658.4155008693151,0.06600167044477372,0.26400668177909487,10.987200000000001,0.024028567949895774,0,0,0,BOTTOM
15.603999999998726,1000,658.4126984126983,658.4150706410092,0.06600158418988589,0.26400633675954355,10.987200000000001,0.02402853654794156,0,0,0,BOTTOM
15.623999999998723,1000,658.4126984126983,658.4147064606107,0.0660015111767437,0.2640060447069748,10.987200000000001,0.024028509966777228,0,0,0,BOTTOM
15.643999999998721,1000,658.4126984126983,658.4143981885586,0.06600144937248471,0.26400579748993885,10.987200000000001,0.02402848746631888,0,0,0,BOTTOM
15.663999999998719,1000,658.4126984126983,658.4141372419006,0.06600139705633162,0.2640055882253265,10.987200000000001,0.02402846842010034,0,0,0,BOTTOM
15.683999999998717,1000,658.4126984126983,658.4139163553232,0.06600135277168029,0.26400541108672115,10.987200000000001,0.024028452297830304,0,0,0,BOTTOM
15.703999999998715,1000,658.4126984126983,658.4137293788723,0.06600131528554386,0.26400526114217543,10.987200000000001,0.024028438650627586,0,0,0,BOTTOM
15.723999999998712,1000,658.4126984126983,658.4135711067235,0.06600128355422273,0.2640051342168909,10.987200000000001,0.024028427098522907,0,0,0,BOTTOM
15.74399999999871,1000,658.4126984126983,658.413437132242,0.06600125669424527,0.26400502677698107,10.987200000000001,0.02402841731987959,0,0,0,BOTTOM
15.763999999998708,1000,658.4126984126983,658.4133237252918,0.0660012339577695,0.264004935831078,10.987200000000001,0.024028409042438286,0,0,0,BOTTOM
15.783999999998706,1000,658.4126984126983,658.4132277283812,0.06600121471176133,0.26400485884704533,10.987200000000001,0.024028402035736612,0,0,0,BOTTOM
15.803999999998704,1000,658.4126984126983,658.4131464687506,0.06600119842036935,0.2640047936814774,10.987200000000001,0.02402839610469249,0,0,0,BOTTOM
15.823999999998701,1000,658.4126984126983,658.4130776839584,0.06600118463000533,0.2640047385200213,10.987200000000001,0.02402839108417261,0,0,0,BOTTOM
15.8439999999987,1000,658.4126984126983,658.4130194588888,0.06600117295671533,0.2640046918268613,10.987200000000001,0.024028386834394684,0,0,0,BOTTOM
15.863999999998697,1000,658.4126984126983,658.4129701724313,0.06600116307548945,0.2640046523019578,10.987200000000001,0.02402838323703562,0,0,0,BOTTOM
15.883999999998695,1000,658.4126984126983,658.4129284523459,0.06600115471121293,0.2640046188448517,10.987200000000001,0.024028380191937135,0,0,0,BOTTOM
15.903999999998693,1000,658.4126984126983,658.4128931370561,0.06600114763100613,0.26400459052402453,10.987200000000001,0.02402837761431707,0,0,0,BOTTOM
15.92399999999869,1000,658.4126984126983,658.4128632433086,0.06600114163774076,0.26400456655096305,10.987200000000001,0.024028375432408895,0,0,0,BOTTOM
15.943999999998688,1000,658.4126984126983,658.4128379387977,0.06600113656455135,0.2640045462582054,10.987200000000001,0.024028373585463572,0,0,0,BOTTOM
15.963999999998686,1000,658.4126984126983,658.4128165189916,0.0660011322701894,0.2640045290807576,10.987200000000001,0.024028372022058174,0,0,0,BOTTOM
15.983999999998684,1000,658.4126984126983,658.412798387517,0.06600112863509057,0.2640045145403623,10.987200000000001,0.024028370698664103,0,0,0,BOTTOM
16.003999999998683,1600,5201.460317460317,807.3515996878748,0.09923851433500727,0.3969540573400291,10.987200000000001,0.03612877323977256,0,0,0,BOTTOM
16.02399999999869,1600,5201.460317460317,1481.9275906834157,0.33435575396977557,1.3374230158791023,10.987200000000001,0.12172555481643205,0,0,0,BOTTOM
16.043999999998697,1600,5201.460317460317,2052.943839111116,0.6416659165672967,2.5666636662691866,10.987200000000001,0.23360489171665086,0,0,0,BOTTOM
16.063999999998703,1600,5201.460317460317,2536.298658020764,0.9793898921724183,3.9175595686896734,10.987200000000001,0.35655668129183715,0,0,0,BOTTOM
16.08399999999871,1600,5201.460317460317,2945.449678865593,1.3208638327754143,5.283455331101657,10.987200000000001,0.4808736831132278,0,0,0,BOTTOM
16.103999999998717,1600,5201.460317460317,3291.7885407310796,1.6497521074847468,6.599008429938987,10.987200000000001,0.6006087474460269,0,0,0,BOTTOM
16.123999999998723,1600,5201.460317460317,3584.9580579196286,1.956694353598223,7.826777414392892,10.987200000000001,0.7123541406721359,0,0,0,BOTTOM
16.14399999999873,1600,5201.460317460317,3833.1206965147394,2.2369682631771077,8.947873052708431,10.987200000000001,0.8143906593771325,0,0,0,BOTTOM
16.163999999998737,1600,5201.460317460317,4043.1858348861347,2.488870154320593,9.955480617282372,10.987200000000001,0.9060980611331705,0,0,0,BOTTOM
16.183999999998743,1600,5201.460317460317,4221.00213555414,2.712601374558875,10.8504054982355,10.987200000000001,0.9875496485215066,0,0,0,BOTTOM
16.20399999999875,1600,5201.460317460317,4371.520384457261,2.909509968013549,11.638039872054197,10.987200000000001,1.0592361904811232,0.004936045683219328,0.5802518230832353,0.5328849421350151,MOVING
16.223999999998757,1600,5201.460317460317,4498.931331416289,3.0815808217687284,12.326323287074914,10.987200000000001,1.1218803049980808,0.03447298420915774,2.1790983732280997,0.9476437256642225,MOVING
16.243999999998763,1600,5201.460317460317,4606.7823695681145,3.2310987101204116,12.924394840481646,10.987200000000001,1.1763137869959266,0.10362899450251266,4.363579026224446,1.1655254684329017,MOVING
16.26399999999877,1600,5201.460317460317,4698.076302374115,3.3604308702037584,13.441723480815034,10.987200000000001,1.2233984528191926,0.21990895059790888,6.794945875308321,1.23167470975112,MOVING
16.283999999998777,1600,5201.460317460317,4775.354948087785,3.4718915388580123,13.887566155432049,10.987200000000001,1.2639768235248332,0.3850658202122599,9.218222485633493,1.185735034937625,MOVING
16.303999999998783,1600,5201.460317460317,4840.769909408703,3.567662096528778,14.270648386115113,10.987200000000001,1.2988430524715224,0.5966398441149545,11.45078565803121,1.061561741078865,MOVING
16.32399999999879,1600,5201.460317460317,4896.1424787012875,3.649748413691005,14.59899365476402,10.987200000000001,1.3287273968585278,0.8492669353260521,13.370840576752316,0.8873048881575661,MOVING
16.343999999998797,1600,5201.460317460317,4943.014346667701,3.7199626179237346,14.879850471694938,10.987200000000001,1.354289579846998,1.1357615416362308,14.90637110887051,0.6857353940341319,MOVING
16.363999999998804,1600,5201.460317460317,4982.690526312754,3.779920466312464,15.119681865249856,10.987200000000001,1.3761178339567728,1.44798819299323,16.02493428899887,0.47472049713606945,MOVING
16.38399999999881,1600,5201.460317460317,5016.275687295769,3.8310482973079725,15.32419318923189,10.987200000000001,1.3947314319600888,1.7775413872306214,16.724512176330865,0.2677802124250652,MOVING
16.403999999998817,1600,5201.460317460317,5044.7049122953995,3.8745954902908055,15.498381961163222,10.987200000000001,1.4105852229105886,2.1162563163644124,17.025521303133402,0.07467551463596384,MOVING
16.423999999998824,1600,5201.460317460317,5068.769731710389,3.911649723517474,15.646598894069896,10.987200000000001,1.4240751869511699,2.4565739288565918,16.963999417052072,-0.09800653712949096,MOVING
16.44399999999883,1600,5201.460317460317,5089.140161557972,3.943153265381389,15.772613061525556,10.987200000000001,1.4355443663103933,2.791783512314012,16.585933317536057,-0.24629453192985062,MOVING
16.463999999998837,1600,5201.460317460317,5106.383358152118,3.969919183453867,15.879676733815469,10.987200000000001,1.4452887663659046,3.116164784409669,15.942654352131727,-0.36831676925198936,MOVING
16.483999999998844,1600,5201.460317460317,5120.979408947758,3.992646798277319,15.970587193109276,10.987200000000001,1.4535629817523368,3.425049714144611,15.087205014540539,-0.46383684493688865,MOVING
16.50399999999885,1600,5201.460317460317,5133.334699201843,4.011936006565072,16.04774402626029,10.987200000000001,1.4605854108653968,3.714822199437763,14.07156755145228,-0.5338452633223542,MOVING
16.523999999998857,1600,5201.460317460317,5143.793226607644,4.028300295350055,16.11320118140022,10.987200000000001,1.466542993792797,3.982871478238815,12.944640798103766,-0.5802081253578071,MOVING
16.543999999998864,1600,5201.460317460317,5152.646178925924,4.0421783958089845,16.168713583235938,10.987200000000001,1.471595455005455,4.2275128792969,11.750852479163948,-0.6053714598000569,MOVING
16.56399999999887,1600,5201.460317460317,5160.140041274674,4.05394460486129,16.21577841944516,10.987200000000001,1.4758790610387686,4.447887318635654,10.529299251056264,-0.612118042607279,MOVING
16.583999999998877,1600,5201.460317460317,5166.4834588017375,4.06391784956113,16.25567139824452,10.987200000000001,1.4795099204751454,4.643848882825787,9.31331450779337,-0.6033724225950822,MOVING
16.603999999998884,1600,5201.460317460317,5171.853045811747,4.0723695944940435,16.289478377976174,10.987200000000001,1.4825868627108063,4.815847951710245,8.130373398661659,-0.5820492067218592,MOVING
16.62399999999889,1600,5201.460317460317,5176.398303085931,4.079530703309342,16.31812281323737,10.987200000000001,1.4851939359652475,4.964815625082825,7.002254819956271,-0.550939349022095,MOVING
16.643999999998897,1600,5201.460317460317,5180.245780303453,4.085597367306147,16.34238946922459,10.987200000000001,1.4874025656422551,5.092053740185726,5.945390740836437,-0.5126291463485846,MOVING
16.663999999998904,1600,5201.460317460317,5183.50259945502,4.090736210160919,16.362944840643674,10.987200000000001,1.4892734127569964,5.19913349983541,4.971343655388753,-0.4694468010569616,MOVING
16.68399999999891,1600,5201.460317460317,5186.259437348093,4.095088670813894,16.380354683255575,10.987200000000001,1.4908579695696422,5.2878046671144,4.08736289430402,-0.4234317081618166,MOVING
16.703999999998917,1600,5201.460317460317,5188.5930502430665,4.098774757803976,16.395099031215903,10.987200000000001,1.4921999263885157,5.359916409237309,3.2969797566393373,-0.37632201590635017,MOVING
16.723999999998924,1600,5201.460317460317,5190.56841091163,4.101896258988105,16.40758503595242,10.987200000000001,1.4933363401005184,5.417350174306599,2.60060979288146,-0.32955645694178604,MOVING
16.74399999999893,1600,5201.460317460317,5192.240517617637,4.104539481255265,16.41815792502106,10.987200000000001,1.4942986315914024,5.461964442071735,1.996138007675599,-0.28428692302120107,MOVING
16.763999999998937,1600,5201.460317460317,5193.655925386339,4.1067775859419635,16.427110343767854,10.987200000000001,1.4951134359771237,5.495550784432622,1.4794692275528385,-0.24139873647740057,MOVING
16.783999999998944,1600,5201.460317460317,5194.854042195813,4.10867257739654,16.43469030958616,10.987200000000001,1.4958033265605575,5.519800384173843,1.0450314079642664,-0.2015360395402498,MOVING
16.80399999999895,1600,5201.460317460317,5195.868226179317,4.110276994630005,16.44110797852002,10.987200000000001,1.4963874306939,5.5362799727722685,0.6862242758260986,-0.16513016519229312,MOVING
16.823999999998957,1600,5201.460317460317,5196.726714387029,4.11163534926314,16.44654139705256,10.987200000000001,1.496881953277683,5.546416042654265,0.3958094798567878,-0.1324292620885616,MOVING
16.843999999998964,1600,5201.460317460317,5197.453408965893,4.11278534701845,16.4511413880738,10.987200000000001,1.4973006214571318,5.551486149952858,0.1662414259059256,-0.1035278156036326,MOVING
16.86399999999897,1600,5201.460317460317,5198.068542646479,4.113758924768993,16.45503569907597,10.987200000000001,1.4976550621701588,5.552616136187077,-0.010059709357166866,-0.07839503443471188,MOVING
16.883999999998977,1600,5201.460317460317,5198.58924206546,4.114583130586936,16.458332522347742,10.987200000000001,1.4979551225378387,5.550782148605777,-0.14048957998733697,-0.05690135655992397,MOVING
16.903999999998984,1600,5201.460317460317,5199.030004607788,4.115280870268965,16.46112348107586,10.987200000000001,1.498209141644446,5.546816418170294,-0.23209148593355328,-0.03884257049574594,MOVING
16.92399999999899,1600,5201.460317460317,5199.403102044885,4.11587154038884,16.46348616155536,10.987200000000001,1.4984241810065673,5.541415851931282,-0.29143324060687825,-0.023961249674237965,MOVING
16.943999999998997,1600,5201.460317460317,5199.718922206991,4.116371564976218,16.46548625990487,10.987200000000001,1.4986062199563919,5.535152605110003,-0.324523528297031,-0.011965362177384855,MOVING
16.963999999999004,1600,5201.460317460317,5199.9862582025635,4.116794850386858,16.467179401547433,10.987200000000001,1.4987603212417568,5.528485911219529,-0.3367620749145,-0.002544048386960165,MOVING
16.98399999999901,1600,5201.460317460317,5200.212553237224,4.117153170758561,16.468612683034245,10.987200000000001,1.4988907713552353,5.521774561087338,-0.3329180651088119,0.004619340979045366,MOVING
17.003999999999017,1600,5201.460317460317,5200.404107848498,4.117456494591043,16.46982597836417,10.987200000000001,1.4990011994288053,5.515289529883807,-0.31713151568850007,0.009836780652253636,MOVING
17.023999999999024,1600,5201.460317460317,5200.566255326258,4.117713261403737,16.47085304561495,10.987200000000001,1.499094677953887,5.509226352470771,-0.2929327108229483,0.013407464112873035,MOVING
17.04399999999903,1600,5201.460317460317,5200.70351020292,4.117930616074834,16.471722464299337,10.987200000000001,1.4991738080948134,5.5037169396927945,-0.2632752775498579,0.01561180672304579,MOVING
17.063999999999037,1600,5201.460317460317,5200.819693947667,4.118114607314781,16.472458429259124,10.987200000000001,1.4992407919450925,5.498840610512133,-0.23057899650235805,0.01670729536777327,MOVING
17.083999999999044,1600,5201.460317460317,5200.918041364325,4.11827035574918,16.47308142299672,10.987200000000001,1.4992974937196664,5.494634186610788,-0.19677897488520735,0.016925918205188187,MOVING
17.10399999999905,1600,5201.460317460317,5201.001290655215,4.118402196254246,16.473608785016985,10.987200000000001,1.4993454915735567,5.491101057204732,-0.16337833486326014,0.016472914806066503,MOVING
17.123999999999057,1600,5201.460317460317,5201.071759658563,4.1185137984816045,16.474055193926418,10.987200000000001,1.4993861214801238,5.488219172661097,-0.13150207421843987,0.015526600901342058,MOVING
17.143999999999064,1600,5201.460317460317,5201.131410382069,4.118608268909242,16.474433075636966,10.987200000000001,1.4994205143837342,5.4859479666772435,-0.10195022549975814,0.014239041003466728,MOVING
17.16399999999907,1600,5201.460317460317,5201.181903629392,4.118688237246513,16.47475294898605,10.987200000000001,1.4994496276563682,5.484234239059072,-0.07524886695186497,0.01273736450416528,MOVING
17.183999999999077,1600,5201.460317460317,5201.224645240482,4.118755929589296,16.475023718357185,10.987200000000001,1.499474271730485,5.48301705543221,-0.05169791854112047,0.011125544968577844,MOVING
17.203999999999084,1600,5201.460317460317,5201.260825233162,4.11881323035511,16.47525292142044,10.987200000000001,1.4994951326471202,5.482231737502929,-0.031414987347220126,0.00948648702700495,MOVING
17.22399999999909,1600,5201.460317460317,5201.291450935773,4.118861734717691,16.475446938870764,10.987200000000001,1.49951279114522,5.481813028739713,-0.014374808509764563,0.007884289556746294,MOVING
17.243999999999097,1600,5201.460317460317,5201.317375033344,4.11890279299739,16.47561117198956,10.987200000000001,1.4995277388224075,5.481697526533946,-0.0004440624948994642,0.006366577025298847,MOVING
17.263999999999104,1600,5201.460317460317,5201.339319308173,4.118937548240739,16.475750192962956,10.987200000000001,1.4995403918162,5.481825473933246,0.010588460446655451,0.004966812414438741,MOVING
17.28399999999911,1600,5201.460317460317,5201.357894735782,4.1189669680336705,16.475867872134682,10.987200000000001,1.4995511023859291,5.482142002769501,0.018986228421542597,0.0037065247179037236,MOVING
17.303999999999117,1600,5201.460317460317,5201.373618495785,4.118991871432848,16.475967485731392,10.987200000000001,1.499560168717361,5.482597916191196,0.025043635646841967,0.0025974014024659933,MOVING
17.323999999999124,1600,5201.460317460317,5201.386928371274,4.119012951763973,16.476051807055892,10.987200000000001,1.4995678432226491,5.483150092933819,0.029068656134221438,0.0016432113607316127,MOVING
17.34399999999913,1600,5201.460317460317,5201.398194937636,4.119030795921183,16.47612318368473,10.987200000000001,1.499574339566471,5.483761588710559,0.031369116506364016,0.0008415367756626512,MOVING
17.363999999999137,1600,5201.460317460317,5201.407731880164,4.119045900704363,16.476183602817454,10.987200000000001,1.4995798386137917,5.484401502376497,0.032242191195913567,0.00018530304352489034,MOVING
17.383999999999144,1600,5201.460317460317,5201.415804727725,4.119058686648928,16.47623474659571,10.987200000000001,1.4995844934647324,5.485044666425779,0.031966712319804455,-0.0003358953999652064,MOVING
17.40399999999915,1600,5201.460317460317,5201.422638245654,4.119069509732847,16.476278038931387,10.987200000000001,1.4995884337166325,5.485671213255995,0.030797890701821942,-0.000734668665467995,MOVING
17.423999999999157,1600,5201.460317460317,5201.428422693695,4.119078671286699,16.476314685146797,10.987200000000001,1.4995917690719014,5.486266060737327,0.02896406034740984,-0.0010248945467857841,MOVING
17.443999999999164,1600,5201.460317460317,5201.43331912325,4.11908642638257,16.47634570553028,10.987200000000001,1.4995945923920817,5.486818353151474,0.026665083073694695,-0.0012209576308418286,MOVING
17.46399999999917,1600,5201.460317460317,5201.437463861388,4.119092990935207,16.476371963740828,10.987200000000001,1.4995969822830955,5.487320886655446,0.024072080292637372,-0.0013371483406189057,MOVING
17.483999999999178,1600,5201.460317460317,5201.4409723064755,4.119098547713134,16.476394190852535,10.987200000000001,1.4995990052836512,5.487769542168204,0.021328192870783566,-0.0013872044606170395,MOVING
17.503999999999184,1600,5201.460317460317,5201.443942141126,4.1191032514270285,16.476413005708114,10.987200000000001,1.499600717717718,5.488162743023201,0.018550105668793396,-0.001383977148538642,MOVING
17.52399999999919,1600,5201.460317460317,5201.446456051883,4.119107233036977,16.476428932147908,10.987200000000001,1.4996021672626243,5.488500949893732,0.015830109282641558,-0.0013392035791967725,MOVING
17.543999999999198,1600,5201.460317460317,5201.4485840313955,4.119110603398537,16.47644241359415,10.987200000000001,1.4996033942764442,5.488786201370292,0.013238506482440618,-0.0012633690392444548,MOVING
17.563999999999204,1600,5201.460317460317,5201.450385327166,4.119113456349084,16.476453825396337,10.987200000000001,1.499604432921612,5.489021705120366,0.010826203983595436,-0.0011656423550736148,MOVING
17.58399999999921,1600,5201.460317460317,5201.451910091116,4.119115871320355,16.47646348528142,10.987200000000001,1.4996053121160458,5.489211481746068,0.008627360854726245,-0.0010538698692589429,MOVING
17.603999999999218,1600,5201.460317460317,5201.453200775933,4.119117915549953,16.476471662199813,10.987200000000001,1.4996060563382674,5.489360061219473,0.006661992655514007,-0.0009346146812129382,MOVING
17.623999999999224,1600,5201.460317460317,5201.454293317043,4.119119645953347,16.47647858381339,10.987200000000001,1.499606686308922,5.489472230058536,0.004938455074048801,-0.0008132294503940525,MOVING
17.64399999999923,1600,5201.460317460317,5201.455218133128,4.119121110708481,16.476484442833925,10.987200000000001,1.4996072195676717,5.489552826144836,0.003455752319000753,-0.0006939526562926621,MOVING
17.663999999999238,1600,5201.460317460317,5201.456000973043,4.11912235059714,16.47648940238856,10.987200000000001,1.4996076709615331,5.489606577214423,0.0022056338564643545,-0.0005800197653617628,MOVING
17.683999999999244,1600,5201.460317460317,5201.456663632724,4.1191234001403725,16.47649360056149,10.987200000000001,1.4996080530582394,5.489637978513365,0.0011744583945106687,-0.0004737822307616289,MOVING
17.70399999999925,1600,5201.460317460317,5201.457224562033,4.119124288559644,16.476497154238576,10.987200000000001,1.4996083764961567,5.489651204841774,0.0003448165083260174,-0.0003768286168528278,MOVING
17.723999999999258,1600,5201.460317460317,5201.457699378442,4.1191250405903945,16.476500162361578,10.987200000000001,1.4996086502804697,5.4896500521608464,-0.0003030867931209101,-0.00029010337914069583,MOVING
17.743999999999264,1600,5201.460317460317,5201.458101301856,4.119125677170738,16.47650270868295,10.987200000000001,1.4996088820339075,5.489637904058063,-0.0007902806612392285,-0.00021401992968524833,MOVING
17.76399999999927,1600,5201.460317460317,5201.45844152268,4.1191262160244015,16.476504864097606,10.987200000000001,1.4996090782089708,5.489617718613473,-0.0011380936976283574,-0.00014856557611840819,MOVING
17.783999999999278,1600,5201.460317460317,5201.458729513391,4.119126672154209,16.476506688616837,10.987200000000001,1.4996092442675872,5.48959203154775,-0.001367417652569687,-0.00009339673887739378,MOVING
17.803999999999284,1600,5201.460317460317,5201.458973292263,4.1191270582597745,16.476508233039098,10.987200000000001,1.4996093848331782,5.489562971928788,-0.00149814889454001,-0.00004792353386655538,MOVING
17.82399999999929,1600,5201.460317460317,5201.459179646625,4.119127385091093,16.476509540364372,10.987200000000001,1.499609503819387,5.489532287141719,-0.001548785873522136,-0.000011383363298357493,MOVING
17.843999999999298,1600,5201.460317460317,5201.45935432182,4.119127661747842,16.47651064699137,10.987200000000001,1.4996096045390424,5.4895013742662755,-0.0015361606331123349,0.00001709640149859532,MOVING
17.863999999999304,1600,5201.460317460317,5201.459502181179,4.1191278959327295,16.476511583730918,10.987200000000001,1.4996096897963918,5.489471315438203,-0.0014752830142485524,0.00003844622429710502,MOVING
17.88399999999931,1600,5201.460317460317,5201.459627341427,4.119128094165966,16.476512376663862,10.987200000000001,1.4996097619651831,5.48944291518559,-0.0013792773449107902,0.00005361202742344356,MOVING
17.903999999999318,1600,5201.460317460317,5201.459733287289,4.11912826196678,16.47651304786712,10.987200000000001,1.499609823054747,5.4894167381169785,-0.0012593929601420369,0.00006352179766842344,MOVING
17.923999999999324,1600,5201.460317460317,5201.459822968524,4.119128404007105,16.47651361602842,10.987200000000001,1.4996098747659474,5.489393145689869,-0.0011250717030070047,0.00006906023511113635,MOVING
17.94399999999933,1600,5201.460317460317,5201.459898882051,4.119128524241645,16.47651409696658,10.987200000000001,1.4996099185385336,5.489372331102029,-0.0009840575034273356,0.00007105045584051477,MOVING
17.963999999999338,1600,5201.460317460317,5201.459963141467,4.119128626017991,16.476514504071964,10.987200000000001,1.4996099555912301,5.489354351622156,-0.0008425351224511121,0.00007024175419266285,MOVING
17.983999999999345,1600,5201.460317460317,5201.460017535886,4.1191287121698075,16.47651484867923,10.987200000000001,1.49960998695566,5.4893391579111075,-0.0007052871096677735,0.00006730245774065579,MOVING
18.00399999999935,1000,0,0,0,0,10.987200000000001,0,5.465788741309322,-5.885045552888263,-14.711111415523046,MOVING
18.023999999999358,1000,0,0,0,0,10.987200000000001,0,5.036382215351607,-30.91185873391661,-11.108617883025328,MOVING
18.043999999999365,1000,0,0,0,0,10.987200000000001,0,4.187795895743653,-49.28107260671723,-7.9631297192012305,MOVING
18.06399999999937,1000,0,0,0,0,10.987200000000001,0,3.042199807558258,-61.906861214699525,-5.272619062367595,MOVING
18.083999999999378,1000,0,0,0,0,10.987200000000001,0,1.7036971819563553,-69.68166247571148,-3.020856283138719,MOVING
18.103999999999385,1000,0,0,0,0,10.987200000000001,0,0.2590570439281816,-73.45233873511793,-1.1811456540903604,MOVING
18.12399999999939,1000,0,0,0,0,10.987200000000001,0,0,0,0,BOTTOM
18.143999999999398,1000,0,0,0,0,10.987200000000001,0,0,0,0,BOTTOM
18.163999999999405,1000,0,0,0,0,10.987200000000001,0,0,0,0,BOTTOM
18.18399999999941,1000,0,0,0,0,10.987200000000001,0,0,0,0,BOTTOM
18.203999999999418,1000,0,0,0,0,10.987200000000001,0,0,0,0,BOTTOM
18.223999999999425,1000,0,0,0,0,10.987200000000001,0,0,0,0,BOTTOM
18.24399999999943,1000,0,0,0,0,10.987200000000001,0,0,0,0,BOTTOM
18.263999999999438,1000,0,0,0,0,10.987200000000001,0,0,0,0,BOTTOM
18.283999999999445,1000,0,0,0,0,10.987200000000001,0,0,0,0,BOTTOM
18.30399999999945,1000,0,0,0,0,10.987200000000001,0,0,0,0,BOTTOM
18.323999999999458,1000,0,0,0,0,10.987200000000001,0,0,0,0,BOTTOM
18.343999999999465,1000,0,0,0,0,10.987200000000001,0,0,0,0,BOTTOM
18.36399999999947,1000,0,0,0,0,10.987200000000001,0,0,0,0,BOTTOM
18.383999999999478,1000,0,0,0,0,10.987200000000001,0,0,0,0,BOTTOM
18.403999999999485,1000,0,0,0,0,10.987200000000001,0,0,0,0,BOTTOM
18.42399999999949,1000,0,0,0,0,10.987200000000001,0,0,0,0,BOTTOM
18.443999999999498,1000,0,0,0,0,10.987200000000001,0,0,0,0,BOTTOM
18.463999999999505,1000,0,0,0,0,10.987200000000001,0,0,0,0,BOTTOM
18.48399999999951,1000,0,0,0,0,10.987200000000001,0,0,0,0,BOTTOM
18.503999999999518,1000,0,0,0,0,10.987200000000001,0,0,0,0,BOTTOM
18.523999999999525,1000,0,0,0,0,10.987200000000001,0,0,0,0,BOTTOM
18.54399999999953,1000,0,0,0,0,10.987200000000001,0,0,0,0,BOTTOM
18.563999999999538,1000,0,0,0,0,10.987200000000001,0,0,0,0,BOTTOM
18.583999999999545,1000,0,0,0,0,10.987200000000001,0,0,0,0,BOTTOM
18.60399999999955,1000,0,0,0,0,10.987200000000001,0,0,0,0,BOTTOM
18.62399999999956,1000,0,0,0,0,10.987200000000001,0,0,0,0,BOTTOM
18.643999999999565,1000,0,0,0,0,10.987200000000001,0,0,0,0,BOTTOM
18.66399999999957,1000,0,0,0,0,10.987200000000001,0,0,0,0,BOTTOM
18.68399999999958,1000,0,0,0,0,10.987200000000001,0,0,0,0,BOTTOM
18.703999999999585,1000,0,0,0,0,10.987200000000001,0,0,0,0,BOTTOM
18.72399999999959,1000,0,0,0,0,10.987200000000001,0,0,0,0,BOTTOM
18.7439999999996,1000,0,0,0,0,10.987200000000001,0,0,0,0,BOTTOM
18.763999999999605,1000,0,0,0,0,10.987200000000001,0,0,0,0,BOTTOM
18.78399999999961,1000,0,0,0,0,10.987200000000001,0,0,0,0,BOTTOM
18.80399999999962,1000,0,0,0,0,10.987200000000001,0,0,0,0,BOTTOM
18.823999999999625,1000,0,0,0,0,10.987200000000001,0,0,0,0,BOTTOM
18.84399999999963,1000,0,0,0,0,10.987200000000001,0,0,0,0,BOTTOM
18.86399999999964,1000,0,0,0,0,10.987200000000001,0,0,0,0,BOTTOM
18.883999999999645,1000,0,0,0,0,10.987200000000001,0,0,0,0,BOTTOM
18.90399999999965,1000,0,0,0,0,10.987200000000001,0,0,0,0,BOTTOM
18.92399999999966,1000,0,0,0,0,10.987200000000001,0,0,0,0,BOTTOM
18.943999999999665,1000,0,0,0,0,10.987200000000001,0,0,0,0,BOTTOM
18.963999999999672,1000,0,0,0,0,10.987200000000001,0,0,0,0,BOTTOM
18.98399999999968,1000,0,0,0,0,10.987200000000001,0,0,0,0,BOTTOM
19.003999999999685,1000,0,0,0,0,10.987200000000001,0,0,0,0,BOTTOM
19.023999999999692,1000,0,0,0,0,10.987200000000001,0,0,0,0,BOTTOM
19.0439999999997,1000,0,0,0,0,10.987200000000001,0,0,0,0,BOTTOM
19.063999999999705,1000,0,0,0,0,10.987200000000001,0,0,0,0,BOTTOM
19.083999999999712,1000,0,0,0,0,10.987200000000001,0,0,0,0,BOTTOM
19.10399999999972,1000,0,0,0,0,10.987200000000001,0,0,0,0,BOTTOM
19.123999999999725,1000,0,0,0,0,10.987200000000001,0,0,0,0,BOTTOM
19.143999999999732,1000,0,0,0,0,10.987200000000001,0,0,0,0,BOTTOM
19.16399999999974,1000,0,0,0,0,10.987200000000001,0,0,0,0,BOTTOM
19.183999999999745,1000,0,0,0,0,10.987200000000001,0,0,0,0,BOTTOM
19.203999999999752,1000,0,0,0,0,10.987200000000001,0,0,0,0,BOTTOM
19.22399999999976,1000,0,0,0,0,10.987200000000001,0,0,0,0,BOTTOM
19.243999999999765,1000,0,0,0,0,10.987200000000001,0,0,0,0,BOTTOM
19.263999999999772,1000,0,0,0,0,10.987200000000001,0,0,0,0,BOTTOM
19.28399999999978,1000,0,0,0,0,10.987200000000001,0,0,0,0,BOTTOM
19.303999999999785,1000,0,0,0,0,10.987200000000001,0,0,0,0,BOTTOM
19.323999999999792,1000,0,0,0,0,10.987200000000001,0,0,0,0,BOTTOM
19.3439999999998,1000,0,0,0,0,10.987200000000001,0,0,0,0,BOTTOM
19.363999999999805,1000,0,0,0,0,10.987200000000001,0,0,0,0,BOTTOM
19.383999999999812,1000,0,0,0,0,10.987200000000001,0,0,0,0,BOTTOM
19.40399999999982,1000,0,0,0,0,10.987200000000001,0,0,0,0,BOTTOM
19.423999999999825,1000,0,0,0,0,10.987200000000001,0,0,0,0,BOTTOM
19.443999999999832,1000,0,0,0,0,10.987200000000001,0,0,0,0,BOTTOM
19.46399999999984,1000,0,0,0,0,10.987200000000001,0,0,0,0,BOTTOM
19.483999999999845,1000,0,0,0,0,10.987200000000001,0,0,0,0,BOTTOM
19.503999999999852,1000,0,0,0,0,10.987200000000001,0,0,0,0,BOTTOM
19.52399999999986,1000,0,0,0,0,10.987200000000001,0,0,0,0,BOTTOM
19.543999999999865,1000,0,0,0,0,10.987200000000001,0,0,0,0,BOTTOM
19.563999999999872,1000,0,0,0,0,10.987200000000001,0,0,0,0,BOTTOM
19.58399999999988,1000,0,0,0,0,10.987200000000001,0,0,0,0,BOTTOM
19.603999999999886,1000,0,0,0,0,10.987200000000001,0,0,0,0,BOTTOM
19.623999999999892,1000,0,0,0,0,10.987200000000001,0,0,0,0,BOTTOM
19.6439999999999,1000,0,0,0,0,10.987200000000001,0,0,0,0,BOTTOM
19.663999999999906,1000,0,0,0,0,10.987200000000001,0,0,0,0,BOTTOM
19.683999999999912,1000,0,0,0,0,10.987200000000001,0,0,0,0,BOTTOM
19.70399999999992,1000,0,0,0,0,10.987200000000001,0,0,0,0,BOTTOM
19.723999999999926,1000,0,0,0,0,10.987200000000001,0,0,0,0,BOTTOM
19.743999999999932,1000,0,0,0,0,10.987200000000001,0,0,0,0,BOTTOM
19.76399999999994,1000,0,0,0,0,10.987200000000001,0,0,0,0,BOTTOM
19.783999999999946,1000,0,0,0,0,10.987200000000001,0,0,0,0,BOTTOM
19.803999999999952,1000,0,0,0,0,10.987200000000001,0,0,0,0,BOTTOM
19.82399999999996,1000,0,0,0,0,10.987200000000001,0,0,0,0,BOTTOM
19.843999999999966,1000,0,0,0,0,10.987200000000001,0,0,0,0,BOTTOM
19.863999999999972,1000,0,0,0,0,10.987200000000001,0,0,0,0,BOTTOM
19.88399999999998,1000,0,0,0,0,10.987200000000001,0,0,0,0,BOTTOM
19.903999999999986,1000,0,0,0,0,10.987200000000001,0,0,0,0,BOTTOM
19.923999999999992,1000,0,0,0,0,10.987200000000001,0,0,0,0,BOTTOM
19.944,1000,0,0,0,0,10.987200000000001,0,0,0,0,BOTTOM
19.964000000000006,1000,0,0,0,0,10.987200000000001,0,0,0,0,BOTTOM
19.984000000000012,1000,0,0,0,0,10.987200000000001,0,0,0,0,BOTTOM
